,1980.Total,1980.Low ,1980.Medium,1980.High,1985.Total,1985.Low ,1985.Medium,1985.High,1990.Total,1990.Low ,1990.Medium,1990.High,1995.Total,1995.Low ,1995.Medium,1995.High,2000.Total,2000.Low ,2000.Medium,2000.High,2005.Total,2005.Low ,2005.Medium,2005.High,2010.Total,2010.Low ,2010.Medium,2010.High
Afghanistan,1648,128,368,1152,5420,721,1256,3443,9016,874,2316,5826,11230,676,4250,6304,14424,1243,5019,8162,20774,2359,5893,12522,22490,2527,6632,13331
Albania,4016,2560,816,640,4829,3102,908,819,2886,1441,762,683,6473,1041,3365,2067,11979,1791,5847,4341,21249,2939,10109,8201,29505,2297,14381,12827
Algeria,1488,80,224,1184,2424,201,367,1856,2735,192,484,2059,3589,155,954,2480,5013,296,1189,3528,6974,194,1909,4871,8008,314,1846,5848
Andorra,416,272,112,32,352,236,90,26,44,20,24,0,27,7,20,0,34,13,21,0,49,17,32,0,53,20,33,0
Angola,128,16,64,48,448,67,118,263,767,76,169,522,445,28,139,278,551,49,148,354,797,66,222,509,879,74,233,572
Antigua and Barbuda,1216,416,464,336,2751,928,995,828,3671,835,1549,1287,4614,497,2565,1552,5639,666,2765,2208,5875,936,3309,1630,6803,940,3094,2769
Argentina,23808,6560,6000,11248,37124,9375,8839,18910,38906,5714,10646,22546,40299,3719,15060,21520,43442,5670,13516,24256,77376,7816,29946,39614,73043,7926,23642,41475
Armenia,14822,8005,3491,3326,16683,8758,3698,4227,13193,4682,3862,4649,15203,2208,6364,6631,24465,3654,8636,12175,35827,5802,11592,18433,40233,3459,13662,23112
Australia,9472,1520,2048,5904,13358,1921,2381,9056,12924,968,2152,9804,15402,629,3595,11178,20049,956,3907,15186,26608,998,5022,20588,30453,1061,5486,23906
Austria,51136,21872,9952,19312,56060,22873,9959,23228,31002,7167,6701,17134,26223,3386,8113,14724,22481,2610,5591,14280,23108,1469,6809,14830,19888,1145,5786,12957
Azerbaijan,8327,3434,2357,2536,7521,3089,1888,2544,1971,413,490,1068,3426,288,1103,2035,5710,476,1497,3737,6070,149,1254,4667,8193,617,2064,5512
"Bahamas, The",4288,1984,1216,1088,6160,2695,1612,1853,5504,1529,1739,2236,5940,897,2685,2358,6837,1172,2688,2977,8602,704,3822,4076,9758,1046,3270,5442
Bahrain,80,0,32,48,207,0,44,163,338,0,50,288,194,0,41,153,239,0,44,195,347,0,66,281,384,0,69,315
Bangladesh,2784,320,272,2192,7261,1077,1011,5173,10931,1157,1905,7869,19216,1495,5010,12711,32835,3760,7359,21716,52271,4529,12941,34801,63596,5167,13849,44580
Barbados,9008,3168,3856,1984,14164,4681,5613,3870,14885,2977,6684,5224,16418,1807,9722,4889,16921,2493,9055,5373,21543,2657,9929,8957,20273,2124,8945,9204
Belarus,6025,2776,1066,2183,7648,3261,1240,3147,6318,1636,1268,3414,9519,987,2526,6006,16088,1634,3427,11027,22045,1161,4242,16642,25459,1591,5125,18743
Belgium,12928,4832,2368,5728,15747,5140,2691,7916,11530,1707,2344,7479,11386,922,3159,7305,12140,1029,2642,8469,14139,608,2816,10715,11915,586,2252,9077
Belize,3952,1264,1328,1360,7725,2431,2444,2850,9521,1986,3492,4043,10733,1373,5335,4025,12301,2252,5277,4772,15544,2834,6247,6463,16656,1972,6898,7786
Benin,96,16,0,80,166,26,35,105,191,18,81,92,122,7,66,49,0,0,0,0,0,0,0,0,0,0,0,0
Bhutan,448,32,96,320,363,26,68,269,13,0,0,13,7,0,0,7,9,0,0,9,13,0,0,13,14,0,0,14
Bolivia,4640,352,912,3376,8536,1071,1624,5841,10537,1112,2273,7152,11977,849,4101,7027,14524,1543,4775,8206,27927,3185,9269,15473,28872,3276,8893,16703
Bosnia and Herzegovina,27055,12600,8261,6194,35246,15897,10516,8833,27515,7985,10804,8726,33180,4718,19033,9429,40143,6236,21716,12191,63526,7094,35742,20690,68198,7089,35790,25319
Botswana,112,96,0,16,135,78,4,53,103,0,9,94,57,0,7,50,72,0,8,64,104,0,12,92,115,0,12,103
Brazil,11408,2960,2656,5792,22076,5513,5205,11358,27515,4396,7724,15395,39692,4024,16028,19640,58311,8453,20693,29165,115375,16906,47147,51322,126256,17692,48121,60443
Brunei,112,16,32,64,182,13,23,146,218,0,0,218,116,0,0,116,148,0,0,148,212,0,0,212,239,0,0,239
Bulgaria,4576,1472,1136,1968,5575,1552,1231,2792,4223,500,985,2738,6945,294,2222,4429,10977,387,3019,7571,21756,400,6813,14543,21350,793,5822,14735
Burkina Faso,160,64,64,32,156,52,46,58,73,0,0,73,39,0,0,39,50,0,0,50,71,0,0,71,80,0,0,80
Burundi,80,0,16,64,95,4,11,80,70,6,0,64,36,2,0,34,47,4,0,43,67,5,0,62,76,6,0,70
Cambodia,4800,2432,880,1488,21426,12319,3524,5583,31582,14651,6753,10178,32631,9557,12348,10726,42672,14609,14537,13526,56107,16814,18693,20600,63044,18914,22316,21814
Cameroon,384,32,0,352,1072,63,30,979,1732,53,70,1609,2852,61,378,2413,4797,147,684,3966,7852,46,1142,6664,13010,151,1414,11445
Canada,274256,105680,69264,99312,345750,126398,77953,141399,263285,57134,66782,139369,262502,31084,89762,141656,281874,35203,74739,171932,319559,32285,82992,204282,307664,24055,73067,210542
Cape Verde,3616,2224,816,576,5795,3482,1416,897,5304,2368,1947,989,5848,1771,3064,1013,7530,3157,3132,1241,9662,3702,3704,2256,12599,4730,5200,2669
Central African Republic,48,16,0,32,104,45,11,48,121,46,25,50,64,17,20,27,86,30,22,34,122,40,33,49,134,45,34,55
Chad,80,0,0,80,112,20,12,80,91,28,29,34,52,10,24,18,66,18,25,23,95,24,38,33,104,27,40,37
Chile,12064,2368,3312,6384,19366,3850,5105,10411,21170,2723,6403,12044,23577,1850,9382,12345,26915,2974,8821,15120,34014,1554,12844,19616,36595,2520,13341,20734
China,123328,44160,21104,58064,212011,81448,34075,96488,222609,64451,44407,113751,249629,46250,69166,134213,336723,79087,69923,187713,507076,99314,119138,288624,550991,117176,124926,308889
"China, Hong Kong SAR",15488,2224,1872,11392,34601,4858,4781,24962,48757,4317,8037,36403,52956,3218,12227,37511,63962,5719,12034,46209,85460,8176,16841,60443,86567,7351,16243,62973
"China, Macao SAR",928,128,80,720,1669,234,219,1216,2018,184,377,1457,1153,68,309,776,1438,120,330,988,2075,160,495,1420,2295,180,520,1595
Colombia,43744,13920,12128,17696,83842,26774,23481,33587,100912,21875,34606,44431,118355,15878,53488,48989,145656,27478,53610,64568,196708,20695,73555,102458,222729,29432,80702,112595
Comoros,32,16,16,0,24,13,11,0,22,9,13,0,29,7,22,0,35,12,23,0,51,16,35,0,55,18,37,0
"Congo, Dem. Rep. of the",480,80,112,288,965,121,103,741,1312,79,55,1178,701,29,45,627,898,51,48,799,1289,69,72,1148,1443,77,76,1290
"Congo, Rep. of the",48,16,0,32,103,28,0,75,135,21,0,114,69,8,0,61,91,14,0,77,129,18,0,111,146,21,0,125
Costa Rica,7600,2624,2000,2976,13351,4497,3251,5603,14969,3344,4259,7366,16729,2740,6676,7313,20744,5302,6797,8645,34371,7534,13618,13219,32967,7925,11970,13072
Cote d'Ivoire,320,32,80,208,559,26,63,470,713,0,15,698,384,0,12,372,486,0,13,473,700,0,20,680,785,0,21,764
Croatia,20079,11544,3368,5167,26222,14565,4288,7369,19000,7315,4405,7280,19949,4323,7760,7866,24738,5713,8855,10170,32226,6955,11999,13272,34329,5586,12674,16069
Cuba,210800,89280,47776,73744,334995,153113,70187,111695,317385,113928,84324,119133,299091,68793,122796,107502,321068,94172,114549,112347,415378,96935,157963,160480,463587,104209,185173,174205
Cyprus,3744,1824,880,1040,5197,2143,1191,1863,4600,932,1315,2353,4530,536,1678,2316,4666,675,1281,2710,2342,222,313,1807,0,0,0,0
Czech Republic,23695,8810,4887,9998,28259,9699,5325,13235,19575,3575,4304,11696,17955,1757,5961,10237,16955,1542,5193,10220,19721,1533,6342,11846,16976,951,4955,11070
Denmark,18512,8064,4464,5984,21354,8250,4735,8369,14060,2383,3631,8046,12660,1163,4282,7215,11257,998,2786,7473,13104,980,2419,9705,12682,991,2776,8915
Djibouti,32,16,0,16,26,13,0,13,24,9,0,15,23,7,0,16,33,12,0,21,46,16,0,30,52,18,0,34
Dominica,816,448,176,192,3770,2201,777,792,5601,2602,1519,1480,4942,1296,2169,1477,4910,1181,1972,1757,10631,3155,4101,3375,10903,3381,3495,4027
Dominican Republic,43920,29136,8496,6288,95177,59510,18916,16751,107729,50703,29991,27035,129244,42311,55169,31764,192621,83080,65270,44271,250155,88042,91524,70589,282501,98918,97774,85809
Ecuador,26880,10976,7056,8848,48017,19994,12353,15670,52341,15665,17084,19592,67183,13949,30995,22239,95106,28753,36259,30094,149098,44168,55351,49579,182650,58336,63572,60742
Egypt,18482,1430,2343,14709,29472,2238,3470,23764,32951,1521,4200,27230,36658,947,6928,28783,45206,1359,7437,36410,60889,1881,10219,48789,62340,1620,10074,50646
El Salvador,23296,12736,4832,5728,102527,68959,17933,15635,142312,83028,33778,25506,161421,71864,61622,27935,254124,145119,72416,36589,428443,218713,136727,73003,506752,267356,153267,86129
Equatorial Guinea,16,0,0,16,29,0,0,29,36,0,0,36,19,0,0,19,24,0,0,24,35,0,0,35,39,0,0,39
Eritrea,0,0,0,0,0,0,0,0,0,0,0,0,2364,194,826,1344,5868,682,1762,3424,7924,600,2703,4621,10689,1549,2737,6403
Estonia,21099,5982,4522,10595,34221,8162,6603,19456,37624,4661,7887,25076,39558,2357,11650,25551,44404,2242,11065,31097,69090,2751,16278,50061,89045,4598,25002,59445
Ethiopia,3152,272,416,2464,9604,1123,1460,7021,15651,1277,2712,11662,18543,835,5493,12215,23564,1280,6977,15307,41854,1711,11888,28255,60425,3911,19679,36835
Fiji,2368,1232,496,640,4608,2096,1144,1368,5357,1548,1843,1966,6836,1098,3484,2254,9141,1853,4211,3077,12649,2675,5332,4642,14794,2530,6086,6178
Finland,8880,4144,1984,2752,10531,4514,2178,3839,7074,1613,1785,3676,6453,788,2006,3659,6175,678,1158,4339,6873,591,1800,4482,5290,277,1156,3857
France,32928,8368,7872,16688,43824,10137,9354,24333,38204,4706,8742,24756,46073,2685,13909,29479,59267,3338,14390,41539,56192,2676,10773,42743,56103,1888,8603,45612
Gabon,16,0,16,0,32,0,11,21,48,0,0,48,26,0,0,26,33,0,0,33,47,0,0,47,53,0,0,53
"Gambia, The",128,0,16,112,527,152,71,304,848,215,138,495,455,79,113,263,597,140,121,336,850,187,181,482,942,210,190,542
Georgia,1242,525,240,477,1671,641,300,730,1400,311,302,787,2390,210,680,1500,4025,348,923,2754,7690,692,1073,5925,6028,129,923,4976
Germany,258352,79760,73664,104928,311859,89496,79542,142821,229841,34758,63186,131897,258201,18458,97498,142245,300926,19824,97535,183567,205041,14881,59098,131062,201141,12087,56791,132263
Ghana,4464,128,592,3744,8352,248,1242,6862,10947,204,1912,8831,17012,436,5180,11396,26043,1271,7710,17062,42124,2172,12256,27696,51909,2212,14788,34909
Greece,90544,49184,21776,19584,116609,62758,25765,28086,84044,32162,23926,27956,74381,18160,30885,25336,72850,22148,24059,26643,81873,23518,30748,27607,71596,19388,24436,27772
Grenada,2256,640,848,768,4193,1005,1578,1610,5241,685,2272,2284,6374,702,3493,2179,7514,1580,3479,2455,10296,1170,5722,3404,11348,1392,5488,4468
Guatemala,16736,8848,4016,3872,53945,34178,9900,9867,70236,38223,16410,15603,88540,37359,33347,17834,148596,81859,42456,24281,280919,146684,85925,48310,355289,194926,98047,62316
Guinea,352,80,96,176,499,146,108,245,441,114,92,235,242,42,75,125,313,74,80,159,2432,293,920,1219,5109,1304,1464,2341
Guinea-Bissau,64,16,16,32,61,13,11,37,24,0,0,24,13,0,0,13,16,0,0,16,23,0,0,23,26,0,0,26
Guyana,12816,3168,3920,5728,28535,7387,9097,12051,38647,6812,14699,17136,50505,5831,26285,18389,65674,11679,30380,23615,92750,13557,40419,38774,98861,15125,43467,40269
Haiti,29472,9216,8624,11632,66425,25399,17453,23573,84424,25357,26370,32697,99946,17895,46379,35672,129447,30053,52845,46549,184599,33041,79554,72004,212064,39736,78594,93734
Holy See (Vatican City),16,0,0,16,13,0,0,13,15,0,0,15,16,0,0,16,21,0,0,21,30,0,0,30,34,0,0,34
Honduras,9536,4256,2656,2624,23481,12254,5535,5692,29196,12453,8493,8250,44474,15932,18416,10126,78962,39907,24442,14613,140220,66320,45794,28106,198543,105470,56038,37035
Hungary,61904,23712,14640,23552,73625,27431,16002,30192,49761,11502,13009,25250,42274,5641,15578,21055,34809,4915,10489,19405,41479,4532,14054,22893,37169,3629,11961,21579
Iceland,976,192,176,608,1403,211,269,923,1401,78,336,987,829,29,275,525,1014,51,294,669,1358,0,359,999,1715,16,347,1352
India,86480,5744,5296,75440,157034,13471,11829,131734,193915,12461,18783,162671,254435,11418,34578,208439,375441,24007,40933,310501,664439,30730,70429,563280,778907,36157,76155,666595
Indonesia,12320,1088,2624,8608,17693,1205,3008,13480,18049,452,2658,14939,18910,387,4081,14442,21372,775,4060,16537,32773,955,7292,24526,32157,1267,6516,24374
Iran,43328,3232,5792,34304,78102,6781,9330,61991,96864,5879,12136,78849,99358,4424,19418,75516,113628,7938,20209,85481,145419,9132,26662,109625,167983,11047,31267,125669
Iraq,10853,3461,2407,4985,18669,5829,3880,8960,20660,4266,5049,11345,25146,3884,9392,11870,34200,8130,11210,14860,42091,6476,14892,20723,56365,10402,20293,25670
Ireland,66320,29520,20896,15904,81977,33877,24711,23389,60920,13933,22929,24058,59391,7149,29059,23183,55416,7066,21906,26444,56430,6596,20536,29298,59260,4834,23363,31063
Israel,20557,4157,4170,12230,28800,5154,6435,17211,27276,2505,8079,16692,30430,1712,11664,17054,34348,2772,10760,20816,47083,3161,14273,29649,53149,3159,17654,32336
Italy,356336,241936,66848,47552,430454,288474,77265,64715,258470,129534,69184,59752,213005,67241,90918,54846,200150,68435,73004,58711,198233,65983,71172,61078,181011,53560,66990,60461
Jamaica,54960,20064,19488,15408,96103,34552,30602,30949,107463,25805,38992,42666,129466,18619,65441,45406,161298,32021,71445,57832,222711,38222,101177,83312,241305,40057,104258,96990
Japan,49632,8016,9776,31840,73840,9305,12306,52229,77183,3933,12464,60786,91910,2519,21769,67622,118278,3760,24652,89866,98144,2404,15711,80029,92732,2681,15049,75002
Jordan,6800,1776,1488,3536,12250,2895,2439,6916,14623,2053,3215,9355,16696,1346,5180,10170,20730,2073,5430,13227,30761,3451,8343,18967,29151,2922,6864,19365
Kazakhstan,0,0,0,0,0,0,0,0,0,0,0,0,0,0,0,0,0,0,0,0,2822,148,553,2121,4282,218,1048,3016
Kenya,2288,64,208,2016,4408,147,325,3936,5866,135,413,5318,8380,175,1257,6948,12891,440,1959,10492,23448,168,4299,18981,29204,419,4302,24483
Kiribati,16,16,0,0,252,156,19,77,427,203,45,179,207,75,37,95,292,132,39,121,410,177,59,174,457,199,62,196
Korea,62944,6256,12640,44048,126107,14000,25555,86552,168690,12619,38589,117482,193156,8147,57193,127816,233186,12286,54550,166350,341171,14762,68270,258139,356047,12938,68413,274696
Kuwait,640,16,96,528,1676,65,130,1481,2661,73,144,2444,4283,75,658,3550,7054,170,1152,5732,9648,225,1440,7983,9535,154,1757,7624
Kyrgyzstan,86,0,32,54,92,0,32,60,101,0,34,67,114,0,46,68,123,0,39,84,170,0,52,118,186,0,58,128
Laos,9216,5584,1776,1856,34265,19967,6963,7335,48696,21852,13281,13563,52036,15425,22324,14287,68330,25914,24407,18009,90938,28578,34314,28046,90798,27225,32638,30935
Latvia,25360,8007,5512,11841,31136,9447,6392,15297,22868,4145,5754,12969,20528,1958,6650,11920,18416,1507,4126,12783,22478,1449,4452,16577,22537,1074,4293,17170
Lebanon,17344,5856,3616,7872,32198,9548,5909,16741,38512,6772,7772,23968,39412,4237,11303,23872,44965,6118,10526,28321,54064,7536,13404,33124,61262,7569,13679,40014
Lesotho,48,0,32,16,59,0,23,36,54,0,0,54,29,0,0,29,37,0,0,37,53,0,0,53,59,0,0,59
Liberia,1648,160,320,1168,3070,202,399,2469,4021,101,399,3521,6933,183,1679,5071,11542,512,2885,8145,21508,1167,7084,13257,23469,955,5145,17369
Libya,2080,96,336,1648,2580,159,388,2033,2042,114,348,1580,1168,42,285,841,1450,74,304,1072,769,63,270,436,844,71,283,490
Liechtenstein,720,176,208,336,588,143,148,297,49,0,0,49,26,0,0,26,33,0,0,33,48,0,0,48,54,0,0,54
Lithuania,35541,17967,6837,10737,42814,20894,7670,14250,28050,8869,6535,12646,23624,3982,7823,11819,20725,2497,5263,12965,29523,3241,6680,19602,26837,1760,6038,19039
Luxembourg,1088,336,320,432,1182,382,266,534,657,153,88,416,349,56,72,221,458,99,77,282,654,133,116,405,726,150,121,455
Macedonia,10481,7134,1717,1630,13511,9001,2185,2325,9063,4521,2245,2297,9108,2671,3955,2482,11253,3531,4513,3209,15953,3569,7821,4563,17089,3233,6823,7033
Madagascar,240,48,64,128,240,39,57,144,118,0,27,91,70,0,22,48,86,0,24,62,124,0,35,89,137,0,37,100
Malawi,144,16,16,112,223,13,30,180,249,0,44,205,145,0,36,109,177,0,38,139,258,0,58,200,285,0,61,224
Malaysia,2640,208,272,2160,6386,682,744,4960,9442,727,1282,7433,10706,641,2153,7912,13745,1312,2353,10080,19289,1672,3070,14547,21529,1741,3731,16057
Maldives,48,16,0,32,39,13,0,26,40,9,0,31,40,7,0,33,54,12,0,42,76,16,0,60,85,18,0,67
Mali,144,48,16,80,207,60,11,136,193,30,0,163,98,11,0,87,130,19,0,111,185,26,0,159,207,29,0,178
Malta,5184,2512,1392,1280,6653,3154,1685,1814,4964,1570,1618,1776,2850,579,1326,945,3639,1020,1415,1204,5225,1368,2126,1731,5710,1536,2230,1944
Marshall Islands,0,0,0,0,148,16,9,123,330,23,20,287,177,8,16,153,227,15,17,195,326,20,26,280,365,23,28,314
Mauritania,128,64,16,48,130,52,11,67,65,0,0,65,35,0,0,35,44,0,0,44,63,0,0,63,71,0,0,71
Mauritius,240,16,48,176,457,13,63,381,618,0,67,551,348,0,55,293,433,0,59,374,625,0,88,537,695,0,92,603
Mexico,663904,518928,78080,66896,1501840,1200000,163375,138465,1480078,1034039,251230,194809,1672274,894371,549233,228670,2856168,1805119,732587,318462,4551415,2615518,1393875,542022,5044610,2900516,1468257,675837
"Micronesia, Federated States of",0,0,0,0,0,0,0,0,0,0,0,0,0,0,0,0,0,0,0,0,0,0,0,0,0,0,0,0
Moldova,3119,1622,544,953,4025,1952,672,1401,3155,959,678,1518,4864,623,1497,2744,8101,1031,2031,5039,11732,957,2622,8153,13742,1384,3207,9151
Monaco,272,32,112,128,244,26,80,138,77,0,0,77,41,0,0,41,52,0,0,52,75,0,0,75,84,0,0,84
Mongolia,80,32,32,16,85,26,23,36,53,0,0,53,28,0,0,28,36,0,0,36,52,0,0,52,58,0,0,58
Morocco,3056,592,800,1664,5852,954,1338,3560,7577,669,1792,5116,11078,558,3739,6781,16279,1095,4844,10340,26429,2457,6265,17707,30618,2463,9712,18443
Mozambique,176,32,16,128,415,59,57,299,605,46,106,453,345,17,87,241,430,30,93,307,620,40,139,441,687,45,146,496
Myanmar,3600,672,464,2464,6401,1211,994,4196,7552,941,1548,5063,8958,940,2204,5814,12029,2086,1996,7947,16310,1357,3733,11220,30592,8300,7138,15154
Namibia,80,0,0,80,174,0,20,154,252,0,46,206,148,0,38,110,180,0,40,140,261,0,60,201,289,0,63,226
Nauru,0,0,0,0,0,0,0,0,0,0,0,0,0,0,0,0,0,0,0,0,0,0,0,0,0,0,0,0
Nepal,320,16,16,288,589,13,23,553,766,0,28,738,2077,115,381,1581,4198,406,765,3027,10267,515,1532,8220,18731,748,3317,14666
Netherlands,45712,13504,10992,21216,57081,15662,12074,29345,44274,6607,9906,27761,40527,3212,12420,24895,37685,2725,9176,25784,42466,2693,9548,30225,39532,2180,8226,29126
New Zealand,3408,336,832,2240,5273,504,1082,3687,5774,327,1142,4305,6862,229,1886,4747,8667,381,2028,6258,11985,188,3685,8112,12135,210,3881,8044
Nicaragua,9536,3024,2448,4064,30667,12011,6925,11731,45196,13531,12078,19587,49788,9968,20683,19137,62721,17512,23011,22198,83297,19415,29812,34070,102215,24417,37118,40680
Niger,1264,656,128,480,1096,570,91,435,145,51,0,94,69,19,0,50,97,33,0,64,136,44,0,92,153,50,0,103
Nigeria,12368,272,736,11360,24860,531,1440,22889,34198,438,2136,31624,39892,493,4835,34564,52928,1165,6582,45181,77500,1344,9090,67066,91361,1786,9632,79943
Norway,27520,14384,5280,7856,30682,15300,5394,9988,17119,5078,3812,8229,14178,2308,4527,7343,12071,1530,2992,7549,11620,980,3194,7446,10631,497,1873,8261
Occupied Palestinian Territory,5347,1091,1078,3178,12751,2786,2512,7453,18054,2689,4067,11298,13959,1196,4637,8126,8882,717,2782,5383,12174,817,3690,7667,13743,817,4565,8361
Oman,160,0,16,144,220,0,29,191,210,0,40,170,123,0,33,90,150,0,35,115,219,0,53,166,241,0,55,186
Pakistan,13184,1008,944,11232,29342,3356,3845,22141,41108,3592,7394,30122,56353,3765,14743,37845,82696,8589,18528,55579,111266,8998,22251,80017,126191,10976,24212,91003
Palau,0,0,0,0,153,25,32,96,334,36,74,224,193,13,61,119,240,23,65,152,346,31,97,218,382,35,102,245
Panama,16336,3616,5008,7712,24420,5138,6864,12418,24975,3107,7689,14179,30168,1865,12296,16007,36875,2528,12789,21558,32527,2488,10698,19341,32054,3390,11424,17240
Papua New Guinea,48,0,0,48,110,23,6,81,143,32,15,96,75,12,12,51,99,21,13,65,142,28,20,94,157,31,21,105
Paraguay,976,224,224,528,1871,512,418,941,2253,467,603,1183,2489,277,987,1225,2939,370,1052,1517,5126,399,1937,2790,5264,722,2333,2209
Peru,19424,3648,5808,9968,39812,7461,11645,20706,53068,6362,17505,29201,67759,5155,30390,32214,86594,9881,34232,42481,141030,10358,54033,76639,156236,13586,57166,85484
Philippines,165200,45408,25744,94048,271407,64886,40964,165557,298203,39537,52765,205901,329167,24554,86421,218192,403918,35076,92126,276716,549691,31502,119965,398224,601969,32068,126495,443406
Poland,172048,94448,36720,40880,221339,113316,47553,60470,164135,51560,49915,62660,155604,27307,69784,58513,154871,29151,61609,64111,187282,20008,74304,92970,184305,19627,74800,89878
Portugal,73632,56144,11696,5792,110926,82859,17785,10282,87545,52616,22048,12881,72657,29715,30986,11956,76807,36254,27559,12994,85854,37995,32888,14971,88124,37441,33910,16773
Qatar,192,16,32,144,248,13,32,203,219,0,22,197,123,0,18,105,153,0,19,134,221,0,29,192,246,0,30,216
Romania,27120,11408,5872,9840,40075,15805,8336,15934,37220,9230,9687,18303,38391,4994,14527,18870,42903,5589,14056,23258,57717,5116,17663,34938,64812,4305,18981,41526
Russia,0,0,0,0,0,0,0,0,0,0,0,0,0,0,0,0,0,0,0,0,0,0,0,0,0,0,0,0
Rwanda,96,0,0,96,127,0,0,127,113,0,0,113,60,0,0,60,77,0,0,77,110,0,0,110,124,0,0,124
Saint Kitts and Nevis,528,240,144,144,1496,346,520,630,2379,213,972,1194,2967,222,1517,1228,3551,506,1536,1509,2606,231,1018,1357,4891,547,1989,2355
Saint Lucia,560,192,176,192,1681,455,590,636,2622,423,1083,1116,3368,346,1899,1123,4173,668,2157,1348,4015,427,2272,1316,6753,1442,3007,2304
Saint Vincent and the Grenadines,1232,464,304,464,3375,968,1081,1326,5054,836,2014,2204,5747,558,3222,1967,6253,878,3353,2022,7100,767,4259,2074,7458,917,3613,2928
Samoa,3824,1312,1328,1184,5068,1867,1595,1606,4121,1131,1514,1476,4874,727,2577,1570,5939,1090,2851,1998,0,0,0,0,0,0,0,0
San Marino,448,160,192,96,489,193,182,114,276,89,106,81,163,33,87,43,206,58,93,55,296,78,139,79,322,87,146,89
Sao Tome and Principe,0,0,0,0,9,9,0,0,13,13,0,0,5,5,0,0,8,8,0,0,11,11,0,0,13,13,0,0
Saudi Arabia,5259,747,937,3575,6214,901,962,4351,4393,414,688,3291,4786,184,1123,3479,5703,110,1192,4401,5346,68,509,4769,11704,234,1055,10415
Senegal,240,16,48,176,842,322,98,422,1233,438,148,647,2454,347,870,1237,4523,651,1598,2274,4824,633,1604,2587,9291,909,2495,5887
Serbia and Montenegro,7570,3843,1470,2257,9939,4849,1871,3219,7537,2435,1922,3180,8261,1439,3386,3436,10209,1902,3864,4443,8858,1190,3039,4629,6117,921,1896,3300
Seychelles,32,0,0,32,68,9,19,40,89,13,45,31,59,5,37,17,68,8,39,21,100,11,59,30,109,13,62,34
Sierra Leone,960,32,112,816,2069,54,281,1734,2989,39,469,2481,4505,78,1419,3008,6732,225,2207,4300,9317,310,2739,6268,13925,1108,3833,8984
Singapore,1280,112,224,944,2928,420,381,2127,4137,466,517,3154,4658,211,799,3648,5955,136,800,5019,7525,380,848,6297,8616,161,1113,7342
Slovakia,21457,11494,4425,5538,24807,12654,4822,7331,15041,4664,3898,6479,13360,2292,5398,5670,12375,2011,4702,5662,11796,1588,4375,5833,11952,889,4077,6986
Slovenia,0,0,0,0,0,0,0,0,0,0,0,0,0,0,0,0,0,0,0,0,0,0,0,0,0,0,0,0
Solomon Islands,0,0,0,0,0,0,0,0,0,0,0,0,0,0,0,0,0,0,0,0,0,0,0,0,0,0,0,0
Somalia,400,176,32,192,825,188,103,534,1128,63,186,879,3936,479,1757,1700,8169,1606,3424,3139,15804,3411,6985,5408,22680,5315,8957,8408
South Africa,5072,496,688,3888,9873,709,1169,7995,13215,432,1583,11200,15629,294,2839,12496,20414,474,3289,16651,34009,805,5415,27789,33798,458,5738,27602
Spain,29376,14688,6736,7952,39035,18891,8325,11819,30364,9817,8228,12319,31285,5319,11595,14371,36234,5972,10352,19910,36765,4648,10019,22098,35722,4845,8756,22121
Sri Lanka,2176,128,240,1808,4427,248,464,3715,6090,204,684,5202,7227,193,1582,5452,9434,416,2180,6838,15319,242,3149,11928,17111,623,3460,13028
Sudan,1136,128,192,816,1944,152,330,1462,2365,68,451,1846,3827,127,1059,2641,6055,359,1470,4226,15410,843,5329,9238,19368,2263,5192,11913
Suriname,464,112,144,208,874,268,199,407,1026,250,226,550,570,92,185,293,733,162,198,373,1051,218,297,536,1158,245,311,602
Swaziland,272,64,64,144,266,62,53,151,109,14,18,77,61,5,15,41,77,9,16,52,111,12,24,75,123,14,25,84
Sweden,31840,18240,6384,7216,35703,18856,6386,10461,20523,5666,4294,10563,17502,2344,4904,10254,15649,892,2955,11802,16494,520,2609,13365,15850,584,2302,12964
Switzerland,17200,5552,3696,7952,21067,5836,3953,11278,16001,1861,3083,11057,16039,936,3972,11131,17329,879,3084,13366,18771,718,4063,13990,17054,646,2414,13994
Syria,9200,3568,1680,3952,15939,5553,2732,7654,17611,3751,3580,10280,18323,2494,5437,10392,21782,3906,5340,12536,27971,4523,6385,17063,29022,4603,7391,17028
Taiwan,23072,1120,1696,20256,55539,3029,4352,48158,83869,3000,7330,73539,84044,1946,10758,71340,95128,2952,10135,82041,133907,4281,14041,115585,137509,3392,14624,119493
Tajikistan,3605,2169,710,726,3944,2440,699,805,2916,1273,743,900,2603,664,1015,924,2686,685,867,1134,3597,849,1150,1598,3812,817,1268,1727
Tanzania,1216,144,112,960,2301,203,346,1752,2988,121,620,2247,3352,69,839,2444,3974,86,707,3181,6539,170,922,5447,8202,387,1450,6365
Thailand,11648,672,1856,9120,19335,1701,2714,14920,22200,1635,3247,17318,24801,1249,6129,17423,30581,2274,7400,20907,46808,3676,12608,30524,56433,6572,14676,35185
Timor Leste,96,32,32,32,75,26,23,26,76,18,27,31,90,13,44,33,88,0,46,42,130,0,70,60,140,0,73,67
Togo,160,32,32,96,227,41,24,162,220,21,4,195,115,8,3,104,149,14,3,132,213,18,5,190,240,21,6,213
Tonga,1936,576,592,768,3455,1300,1082,1073,3748,1177,1540,1031,4628,807,2697,1124,5839,1311,3062,1466,7647,1481,4721,1445,9626,1902,4513,3211
Trinidad and Tobago,18864,5296,7168,6400,33061,8335,11829,12897,39196,5698,15678,17820,47753,4157,25076,18520,56340,7230,26089,23021,79378,8075,34285,37018,83257,7462,38871,36924
Tunisia,1776,464,448,864,2342,548,469,1325,2027,241,351,1435,1141,89,288,764,1437,157,307,973,2070,210,461,1399,2291,236,484,1571
Turkey,20480,8896,3632,7952,27873,11287,4482,12104,23133,5727,4420,12986,25848,3391,7382,15075,33319,4498,8022,20799,42445,4561,10439,27445,49245,4877,10866,33502
Turkmenistan,94,62,32,0,102,70,32,0,70,36,34,0,65,19,46,0,59,20,39,0,76,24,52,0,81,23,58,0
Tuvalu,0,0,0,0,0,0,0,0,0,0,0,0,0,0,0,0,0,0,0,0,0,0,0,0,0,0,0,0
Uganda,1312,112,176,1024,2400,222,285,1893,3009,185,372,2452,3487,102,733,2652,4462,117,913,3432,6651,226,720,5705,8441,127,1029,7285
Ukraine,67282,35138,11550,20594,75533,37904,11966,25663,42239,13154,8729,20356,67584,9160,19651,38773,113016,15159,26665,71192,148984,12816,32951,103217,156698,11514,35921,109263
United Arab Emirates,1006,74,137,795,1657,116,205,1336,1921,79,250,1592,2023,49,386,1588,2344,70,386,1888,3158,98,530,2530,3233,84,522,2627
United Kingdom,208528,51392,64864,92272,265899,57041,71322,137536,224015,21511,58627,143877,236593,10939,80119,145535,254689,10565,68424,175700,271355,9723,66957,194675,283354,8014,65183,210157
United States,0,0,0,0,0,0,0,0,0,0,0,0,0,0,0,0,0,0,0,0,0,0,0,0,0,0,0,0
Uruguay,4544,1760,912,1872,8210,3128,1918,3164,9151,2401,2958,3792,8956,1353,4186,3417,8968,1645,3758,3565,19043,3385,8411,7247,19195,4080,7645,7470
Uzbekistan,2631,1241,516,874,3493,1510,646,1337,2799,707,650,1442,4703,492,1463,2748,7845,815,1985,5045,11868,857,2745,8266,20313,2042,5070,13201
Vanuatu,0,0,0,0,14,14,0,0,20,20,0,0,7,7,0,0,13,13,0,0,17,17,0,0,20,20,0,0
Venezuela,7584,1056,1552,4976,12048,1483,1986,8579,13409,882,2055,10472,19846,856,4555,14435,30573,1867,6126,22580,49151,2086,11228,35837,59628,3314,12617,43697
Vietnam,47280,13136,13696,20448,122783,41089,28667,53027,171698,43068,44089,84541,226283,36779,86920,102584,328620,73521,108364,146735,464969,88989,160729,215251,506407,111981,155014,239412
Yemen,1392,816,288,288,2674,1587,534,553,2812,1307,767,738,4240,1141,1822,1277,7118,2318,2546,2254,14598,4688,6639,3271,14504,4638,5980,3886
Zambia,304,0,48,256,658,12,81,565,952,17,108,827,535,6,89,440,666,11,94,561,963,15,142,806,1071,17,149,905
Zimbabwe,1104,96,112,896,1681,141,174,1366,1778,89,220,1469,2541,67,514,1960,3835,119,713,3003,5792,78,856,4858,6127,23,699,5405
Unknown,302032,137472,76656,87904,399782,191964,89657,118161,296400,111178,80245,104977,201354,45909,80213,75232,72788,12402,24588,35798,146900,19187,50844,76869,125425,17299,34212,73914
