TIME,OWNED,SEX,EDLVL,AGE,Playfulness,ValueUtility,FeelDeviceDependence,ATUseSophistication,FeelTimeManagingDevice,UseSelfEfficacy,NonPlayfulness,ValueHedonistic,VU,VH
30,48,1,6,29,0.4357418719,0.5987023884,0.0147049512,0.993670069,0.5382476515,-0.366301289,-0.637704922,-0.360985005,1,0
180,96,2,6,45,0.4787749129,-0.978223064,-0.22784762,-0.498776452,-1.009462529,-0.316190935,1.1962795949,-0.436055465,0,0
120,120,1,5,41,-0.666581563,0.2946523942,-0.354879163,1.4034317881,0.4278592136,-0.06936949,1.2851571828,-0.094290198,1,
60,60,2,6,29,0.7550235624,-0.948531631,-0.108447612,-0.111465345,1.0477332485,-0.428758765,0.8496926375,-0.56099993,0,0
90,60,2,5,30,-0.382838991,0.9235845464,-1.053071403,-0.865110942,0.7731619358,-0.87606109,0.0396881163,0.399976648,1,1
240,120,2,5,26,-0.413983604,-0.361834381,-0.731796564,-0.319716792,0.0787677,-0.723097897,0.211613199,-0.553708475,0,0
120,96,2,6,31,-0.251975227,-0.453592723,-0.679470149,-0.375153912,-1.436365171,-0.696285701,0.533031971,-0.04906193,0,
120,66,1,5,33,0.2269595257,-0.287764386,-1.251865558,-0.499914596,-0.077648709,-0.869244784,0.7065434761,-0.059815076,0,
120,82,2,5,26,0.7112023839,-1.193469378,-1.137406369,-0.309407104,-1.439992366,-0.26760705,-0.375294688,-0.800536267,0,0
300,96,1,5,23,0.1044775652,0.2261132048,-1.207682741,-0.367579804,0.8792671947,-0.754514871,0.9372044927,-1.036763976,,0
120,72,1,5,29,-0.673318222,0.4251024829,0.0336147455,-0.771215903,-0.397676488,0.2912929798,-0.356093547,-1.200336294,1,0
120,36,1,5,26,-0.910947791,-1.576970847,0.4934342595,1.3112481648,-0.487816247,-0.926864006,-0.327340036,0.1226589556,0,
30,72,1,5,53,0.382370379,-1.5210888,1.3252821472,-0.623590592,1.2595667491,2.0325155376,-0.247866289,-1.177092818,0,0
10,48,1,5,82,0.4173789228,-1.370338182,3.044579874,-0.501846768,0.9580326218,-0.178616222,0.4739236336,-0.773931398,0,0
30,36,2,5,50,0.5310069878,-1.158989839,0.1238533383,0.8335451455,1.3455293701,1.5933705524,-0.21419477,-0.135771075,0,
60,84,2,5,58,0.6902472867,-1.160569727,-1.157217285,-0.188716411,-1.458566992,-0.099327023,-0.363182399,-0.851640308,0,0
30,36,1,5,53,-0.125535978,0.2697690369,-1.188730344,-0.229913243,0.8539970109,-0.762815749,0.9303226509,-1.063225025,1,0
30,96,2,6,25,1.0486740873,-0.967974108,0.4387552535,0.1418177557,0.0982460165,-0.060428394,-0.993276399,-1.272515727,0,0
120,96,2,6,32,-0.115447242,-0.542538819,-0.431540824,-0.064276434,-0.745807989,-0.327367079,0.4316867175,-0.156617605,0,
60,24,1,5,23,0.6061254386,1.1870405372,-0.185633606,0.2635414881,0.3691075407,-0.424850293,-0.303356782,0.3566218531,1,1
120,60,1,5,25,0.0336118904,0.2590644658,-0.713980026,-0.615376761,-1.335202222,-0.289790557,0.7294641869,-0.198458027,1,
60,48,1,6,25,0.5256599145,-0.670014967,-0.488375423,0.828894292,0.2218321443,0.1752504986,0.1542208231,-0.183924795,0,
180,48,1,6,25,-0.97755863,-0.12355312,-1.224958599,0.7115519993,-1.124980484,-0.597971398,-0.476727152,-0.834356447,,0
300,72,1,5,24,-0.219192397,0.2731308616,0.7576834034,-1.503905238,0.6031644017,-0.627480416,-0.034936366,0.3375654465,1,1
300,36,2,5,24,-0.1265444,1.0451607887,-0.563902197,-0.715844548,-1.581330874,0.5223891624,-0.06149435,0.2342632375,1,
90,98,1,6,24,1.2089655875,-0.758220297,-0.775735159,1.0949479012,-0.496479749,1.9869314274,-0.22741404,-0.577290252,0,0
120,60,1,5,27,0.4584214683,1.1119616013,-0.542095548,0.4692771093,-0.011134223,3.2865560579,-0.442310938,0.2177649711,1,
120,72,1,5,23,0.1385570658,0.1662162909,-0.432103937,1.1414947236,0.6881898274,0.3823161569,-0.217211491,-1.080461588,,0
120,48,1,6,29,0.1421905572,0.9223106505,0.9577448334,-0.703516182,-0.376184108,0.7387701065,-0.135216849,-0.150338735,1,
90,60,2,6,33,0.4500190149,1.320725156,-0.321724177,0.7860956301,-1.981322822,0.4924860592,0.8502682829,1.1732757692,1,1
120,72,2,5,31,-0.217536441,2.3237500883,-0.935964791,-0.607143705,-1.880028214,-0.781395497,-0.103247628,1.6373111208,1,1
300,60,2,5,26,0.6057894839,0.2253666499,1.2360171811,-0.847276559,-1.765705317,-0.386282909,0.0546785655,1.0723296299,,1
120,48,1,5,35,-0.006655745,-0.034616713,0.5715215632,0.95275092,-0.982284979,0.5983362927,0.0867491805,0.7094024857,,1
180,60,1,6,23,1.706557961,-0.171456242,-0.609701096,-0.694349939,-0.120352742,0.1183611695,1.6333809034,-0.566326551,,0
180,60,1,5,24,2.0856512438,0.3904905649,-0.454973059,-1.257092631,-0.049796917,0.5589213276,1.957270683,-0.710451132,1,0
120,48,2,6,26,1.739451186,0.0387956003,-0.179107326,-0.770839356,-0.316283964,0.7638417662,0.8871845081,-0.364559213,,0
120,84,1,5,28,1.7207588656,-0.227241846,-0.150416327,-0.196904199,0.8616974972,1.0530897902,1.4399313878,-0.192711302,,
60,72,2,6,33,1.4608748691,0.3439689094,0.4238672652,-0.289737362,0.7335624204,0.5573108199,1.2252787087,-0.331595324,1,0
120,36,2,5,25,2.0698203287,-0.128372286,0.4252015269,0.0992388461,0.340912911,0.376583837,1.595843778,-0.274919372,,0
120,24,1,6,33,1.6685873054,-0.155617326,0.6804627178,-0.509269154,0.4126532661,0.392319026,1.1897447764,-0.06995558,,
180,48,1,4,20,2.2926498468,0.1680561293,-0.289258755,-1.482565674,1.2709645386,-0.154875112,1.595912008,-0.880001395,,0
180,60,1,5,23,2.8396742425,-0.477571116,-0.112314382,-2.238441129,0.1932774549,0.101499157,1.3467652795,-0.177050802,0,
180,60,1,5,23,2.8396742425,-0.477571116,-0.112314382,-2.238441129,0.1932774549,0.101499157,1.3467652795,-0.177050802,0,
45,60,2,4,26,2.8376947378,-0.164327052,-0.163855225,-2.46211648,0.1060232021,0.0416578035,0.5482860616,0.154336124,,
120,60,1,5,34,0.6854604881,-0.484463663,0.0944643482,-0.376071714,-0.548157884,0.4069104193,-0.417574956,-0.73949116,0,0
80,,1,6,28,-0.482463462,0.7188616447,0.8487480103,-0.448914454,-2.508227452,0.0641236848,1.2587240889,0.5721219853,1,1
120,120,1,5,41,0.6928675985,-0.803423756,-0.00501908,-1.036182279,0.8443280195,-0.354081664,0.863624169,-0.816735077,0,0
60,60,2,6,29,-0.533269775,0.7219355528,-0.160763115,-0.632093006,0.7794609507,-0.921261725,0.0647845891,0.1420383924,1,
90,60,2,5,30,0.4749678374,-0.593162504,-0.757901116,-0.937411365,0.8602696102,-0.841950009,0.1894432515,-0.578956907,0,0
80,48,1,5,34,0.0072658692,2.0544097392,-0.676882138,-1.076100845,-2.228598169,-0.658320224,-0.821992313,1.7443380976,1,1
45,40,2,5,23,-0.25948042,-0.144665963,0.1703200619,-1.855367531,-0.604325189,-0.455679732,0.7872418812,-0.263477979,,0
180,72,1,6,23,1.7743190244,0.8838401282,-0.260738819,1.3059171697,0.6630458133,1.1100887662,0.1196238933,-1.205344943,1,0
120,72,1,6,36,-0.163496261,-0.445103231,0.0586333987,-0.829635087,0.4544710726,-0.457238761,0.638763145,-0.36648125,0,0
60,36,1,5,25,-0.706465773,-0.049439175,-0.929212817,0.7736304548,0.8388525017,0.8831277866,-0.032527605,-1.420156383,,0
15,72,2,5,34,0.0542312852,0.4020527985,1.3372134107,-0.22558741,1.048592474,-0.714071088,-0.126221317,-0.589385027,1,0
96,72,1,5,32,-1.017008226,-0.017965254,-0.578033905,-0.618389905,0.1282461429,-0.175870709,-0.543642082,-0.862994422,,0
120,36,2,5,28,-0.39750423,-1.338063343,0.736718048,-0.09565633,-0.714442694,0.1924147328,0.3520989038,-0.676617654,0,0
270,63,1,4,25,-0.607460836,-1.044595173,-1.414761726,0.9099341301,0.5258330918,-0.766209418,1.188258696,-0.498447281,0,0
120,96,2,5,24,-1.101976976,-0.968607683,0.0161423419,-1.335523726,0.8591907932,-0.228592919,0.2595350714,-0.312412271,0,0
45,108,2,6,29,-0.485383821,-0.894970938,-0.195385674,-0.679527713,0.3011662632,-0.783016243,-2.020392477,-0.368228641,0,0
20,96,1,6,30,1.0565017913,0.2035905577,-2.017221907,0.5274545258,0.3510109893,-0.245541113,-0.25613319,0.115004381,,
30,60,1,5,27,0.9870864449,-0.440563689,-0.900623532,0.6680385391,-0.419045604,-1.04323839,-1.040736242,-0.121685288,0,
90,36,1,5,25,0.8363502993,-0.808391703,-0.736315639,1.098612142,-2.049575869,-1.007037668,-0.271368064,-0.881723241,0,0
60,36,1,5,25,1.3356102437,-0.027770748,-1.229299454,0.1685195662,-2.052133929,-0.197699593,0.5298541124,-0.427199503,,0
30,24,1,5,33,1.1404354789,-0.637217702,-0.571866863,0.2669031465,-2.216686798,-0.925145871,0.2185294615,-0.180259381,0,
15,5,1,5,35,-0.041125656,0.6953735638,-0.383393587,-1.736249212,-2.711825655,-0.249331496,-0.357678686,-0.358669192,1,0
60,6,2,5,30,0.2029131073,-0.661747149,-0.315383209,1.1995898477,0.6299326828,-0.198523439,-0.303502006,0.3830734218,0,1
120,2,2,6,47,0.2609753061,0.4309013282,1.2377786889,-0.161028643,0.391035446,-0.317095463,0.2707363164,1.641806526,1,1
60,24,1,5,35,-0.128450868,-0.984427099,0.8570144145,1.1305011916,-0.646291644,0.0485540152,0.5137448577,-0.029814355,0,
180,132,1,5,36,0.8812326166,-0.119943483,-1.635648544,0.3272151571,0.2424677958,-0.196325936,-0.222523584,0.0695935799,,
10,72,1,6,44,0.0915611757,0.2519328042,0.501882069,-0.558975169,0.6087617087,0.9750033213,-0.333369413,0.226129756,1,
10,60,1,4,52,-1.17559141,-0.743175992,0.4298408558,0.6923228437,1.5483591008,0.4248181951,-0.192683932,-0.90966294,0,0
180,84,1,5,27,-0.854082802,-0.256914546,-0.589710139,-0.897861092,-0.681182287,-0.134991191,1.0626599599,-0.867366375,0,0
70,110,2,5,24,0.3359447571,0.5972062851,-0.61692503,-0.367318611,-0.442759731,-0.00613784,-0.370742128,-0.305134092,1,0
60,48,1,6,28,0.298941846,-0.140587219,1.2480302041,0.7375064536,0.6335152496,-0.773719011,-1.617629058,1.7511372605,,1
66,32,1,5,24,-0.315106092,0.069657213,-1.056170288,-0.229298467,-1.005526028,0.2045212724,-0.874493237,-0.352059972,,0
20,54,2,6,26,-0.197068242,-0.667306683,1.5432441485,0.0984301868,1.0915694206,-0.426166424,-0.330281368,0.4692553885,0,1
120,50,1,5,23,-1.101465442,-0.85471509,-1.170957622,-0.766015983,1.3248107012,-0.468317349,0.9270980975,-0.472842189,0,0
120,48,2,6,22,-0.675361685,-0.458858218,-0.841636318,-0.44852129,-0.929709343,1.6405331577,-0.380941348,-1.06377062,0,0
60,108,1,6,24,-0.506722654,-0.338214853,-0.957928884,0.7885152587,0.6657292417,0.230226004,0.7273544778,0.5357259262,0,1
360,72,2,6,24,0.1313056749,-0.367766814,-0.340125936,-1.225764468,-0.734451593,-0.585187344,-0.445071596,-0.289006485,0,0
120,77,2,5,25,-1.769731451,-0.724081134,-0.915580735,-1.404038928,0.1243716019,-0.221999537,1.7069405643,-0.761433406,0,0
60,48,1,5,34,2.401991791,0.889572361,-0.896669331,0.1105540096,-0.245525645,-0.11696616,0.0443865916,-0.596731858,1,0
200,60,2,1,39,-0.677127604,0.1834111849,-0.771736598,1.9573210754,0.1906040006,0.3954701855,-0.216804611,-0.651882707,,0
75,24,1,5,31,-1.008242085,1.1853160962,-1.107341661,1.5257662463,-1.423546513,0.2600406945,1.8735227122,0.9815309722,1,1
120,6,1,1,16,0.0274507106,1.855380185,-0.451426901,1.726189702,-1.207365916,0.5643735449,-0.693021312,0.0683835103,1,
60,60,2,5,35,-0.856465867,0.5087249677,0.0041571637,0.2095256794,-0.695567611,1.3682217687,0.8708183838,0.0903998702,1,
20,60,1,5,33,0.2348040919,1.626280033,-1.090280168,1.6968577627,-0.985323905,1.1660527484,1.892424183,0.4353116879,1,1
100,24,1,5,45,0.2093388245,0.4138128851,-0.373390687,1.0715568134,-1.108859175,1.436563536,-1.641236939,-0.282242817,1,0
90,36,1,5,32,-0.15555062,2.4501652078,-0.449556832,1.2726634644,-2.490798334,0.9661090979,0.010348981,-0.652066178,1,0
60,38,2,5,30,-0.470972228,0.2698310209,0.9539132797,0.3256999225,-0.592386933,2.4945610767,0.5389223838,-0.865407889,1,0
5,36,1,1,55,2.943242748,0.5376053874,-1.242627202,1.5634703986,-2.087935469,0.2287987405,0.8322968736,-0.234962733,1,
60,4,1,6,31,-0.22567827,1.3145455968,0.8092929678,0.5139273828,-0.975946978,-0.305677961,-0.110888508,0.1165834931,1,
180,10,2,6,44,0.5977208298,0.1154019008,-0.38161948,-1.100738129,-0.188784152,0.6330202443,-0.276108394,1.0032995715,,1
180,5,1,5,55,-0.307094481,1.4407450567,-0.037753321,0.9636787835,-0.468746302,1.7440771201,0.6609028382,0.8800129583,1,1
120,10,2,5,39,-0.863263148,1.8615042712,0.06762336,-1.100456053,-1.417715836,0.0232843801,0.464252291,0.1143299496,1,
60,3,1,6,28,-0.236245044,-0.419740072,1.6293106171,0.6683778564,1.2194737433,0.4821987518,0.1363617585,-0.125850239,0,
60,7,1,6,31,1.0069601889,1.5017638934,-1.420796081,0.7468587444,0.7658698571,-0.231059398,-0.522261452,-1.047636966,1,0
60,7,1,4,30,-1.244492471,-0.255818334,0.544013199,0.2575578424,-0.897056085,-0.725128347,-0.253667302,0.4750778842,0,1
60,5,2,5,35,-0.266938435,1.399571873,-0.394707628,0.3767444401,0.0108314992,0.9896810655,0.2586865818,-0.011558149,1,
60,8,2,6,37,-0.576061655,1.8322607194,-0.246590696,-0.906272211,-1.745466929,0.365624606,0.4817770622,-0.266564343,1,0
120,6,1,5,48,-0.182180558,1.1746931964,-0.074340876,0.7996972003,-0.985100933,1.1156075229,0.2574588242,0.6665456247,1,1
120,96,1,5,26,1.582179459,-0.071677962,-0.69008511,1.5960011739,-0.630127286,1.3780275107,-0.990619584,-1.009558773,,0
60,84,1,6,26,0.9621588116,-1.088085035,-0.928618929,-0.339897132,1.7241322665,-0.853546379,-1.084242041,0.5215254828,0,1
30,48,1,6,26,-0.473684246,0.0620627817,-0.375394831,0.3238224603,1.2719443574,-0.38147545,-0.359692186,-0.26493952,,0
160,24,1,5,27,-0.447553863,1.3217553394,-1.852520041,0.0461052646,-0.430483383,0.1189081984,0.2500495769,0.3161317912,1,1
65,74,2,5,61,0.2775390874,-0.009988346,-0.403474657,0.7645891273,0.079599771,2.7897744359,-0.905242961,0.75869133,,1
120,6,1,6,56,0.7420563208,-0.875603962,-0.153476882,-0.467569044,-0.82845388,2.5361617879,-0.145299018,1.1809944154,0,1
0,144,2,5,37,-0.380130079,-0.922919086,-0.188869602,-0.834432616,-0.68633688,0.3472614182,0.4860501259,0.1271452326,0,
240,72,2,5,27,-0.469512812,-0.546178121,-1.223227949,0.4448419545,-0.590953204,-0.650110919,0.8002738617,-0.365184278,0,0
75,54,2,5,26,0.3955838535,-0.659436321,-1.102779071,-1.507730484,0.1259037002,-0.070331742,-0.740868916,1.3272389239,0,1
90,30,2,5,25,2.6450860935,-0.227412876,-1.348099298,0.7240251824,0.1573272738,-0.450435754,1.5388877005,0.2086494334,,
120,48,1,5,23,0.307969852,-0.908499162,-0.93043294,0.9698567627,-0.599092389,-0.031543213,0.1943154345,-0.930282626,0,0
25,102,2,4,36,-1.006015109,-1.012449829,1.89856278,-1.552810363,0.9945509899,1.2686321344,-0.142940171,-0.793542912,0,0
10,36,2,5,31,-1.057827619,-0.709358063,0.5551856658,-0.395289728,0.0633283902,-0.000466337,-0.686524341,-0.735639089,0,0
2,49,1,6,31,1.025822517,0.4895356855,2.0333314169,0.0642873424,1.0680503404,1.5885104479,-1.010476589,-0.391712422,1,0
3,8,2,5,35,0.2223433521,-0.398687769,2.0329568247,1.6171486369,0.0164054311,-0.541317184,-0.061220056,0.7862842442,0,1
120,60,1,5,23,-0.91855714,0.6253966458,-0.169606005,-0.951879307,0.9648325465,-0.173675979,1.0005941883,-0.509543499,1,0
45,53,2,6,29,1.832558477,1.3567371633,-0.285620755,0.3536808901,-0.433439011,-1.243580311,-1.197185631,0.6224097878,1,1
30,108,2,6,24,-0.142967807,-0.370373023,-0.024992582,-0.02542675,0.5020707403,-0.144471781,-0.366606531,-0.810793115,0,0
20,96,1,0,38,-0.584244832,0.1734741718,-0.102475198,0.2366912687,-0.019427622,0.5483124641,-0.988551262,-0.530118031,,0
20,96,1,5,24,0.7317181815,-0.502138316,-0.729251715,-1.038503302,0.9232634256,-0.619260048,-0.422022068,-0.547901402,0,0
15,120,1,0,42,2.7004812506,-0.759023421,-1.641037594,1.7551187627,-2.840886429,-0.616380232,-1.513090757,1.6949619467,0,1
180,39,1,5,24,1.264743989,-0.464708965,-1.166243668,0.4239870473,1.4276222126,-0.394028599,0.525324762,-0.744365866,0,0
150,60,2,5,26,1.395443758,0.1688025625,-1.058197906,1.1396914303,1.0583620063,-1.098902469,-0.491637307,-1.07763096,,0
30,126,2,6,35,0.5444491967,-0.069018084,2.6724290042,0.5914270251,0.276107795,-0.442924806,0.696321213,-0.514765169,,0
60,60,1,5,38,-0.227817268,1.0787166709,1.4463449491,0.5369098768,-0.500609435,-0.198824008,-0.488594361,-0.618564285,1,0
30,36,1,2,50,0.8927365267,-1.576086571,2.1479084166,-0.120981291,-3.232004992,-0.08795228,-0.716387479,0.9608476918,0,1
30,48,2,5,30,0.5157433633,1.3475148564,0.4029945919,-2.315142698,-0.306407585,1.2821220237,-0.238193477,1.2205114896,1,1
90,24,1,5,28,0.0353581394,-0.724908387,2.0736346302,1.3566569172,-1.572604179,1.2372487566,-0.695197095,0.1560158861,0,
60,48,1,5,31,1.0188033644,1.2283124461,1.2890590476,0.5865661778,-1.366894831,-0.060228676,0.6328631183,1.0070144626,1,1
210,120,2,5,31,0.7308730058,1.0985153263,-0.521112579,-1.039600473,-1.725999576,2.4295345868,-0.565463247,-0.195687931,1,
60,36,2,5,31,-0.605275159,-0.36935106,-0.295958897,-1.267895208,-2.270582617,0.5208939692,-2.444249745,-0.563991055,0,0
60,24,1,6,28,-0.877457001,1.1883549685,-0.452091596,-0.895254385,-2.226368763,1.595490586,-1.740813292,0.7975905167,1,1
30,48,1,6,26,-0.15164969,1.0171538737,0.3405069216,-0.562526305,-0.08339976,0.1087290034,-1.464420449,0.4911983294,1,1
30,11,2,6,39,2.4787389267,-1.326374155,0.7536864165,-0.012012363,-0.751686811,-1.436761631,-0.940883208,-1.010218136,0,0
180,36,1,6,36,1.3023369786,0.7864324377,-0.214695448,-0.23593171,-1.507516991,-0.427880098,0.7858617826,1.0147034829,1,1
180,62,1,6,42,-0.071013742,-0.897777092,-0.15487868,0.8563919851,0.982965469,0.4414315998,-1.038232464,-0.676231086,0,0
90,36,1,6,38,-0.169921556,-0.955497171,0.0472803588,-0.833190682,0.7807592383,-0.143263374,-0.407629068,0.0994567713,0,
30,60,1,6,39,-0.56328501,0.322248415,0.4968001873,-0.773101472,0.7808988148,-0.100456216,-0.296525932,-0.346509309,1,0
150,24,2,6,43,0.464983718,-1.16959813,-0.864773621,0.478985113,0.1231677715,0.5250977774,1.1457104087,0.5403376991,0,1
60,42,2,6,38,-0.163772616,-0.325409292,-0.44414493,1.4346195719,0.9082769177,2.3630125662,-0.471094463,1.4758402556,0,1
120,24,1,4,34,-1.623509536,-0.162583599,0.1770658197,-0.672844414,-1.485146312,0.3451715878,1.8429514752,-1.091132079,,0
40,30,1,6,38,0.9845468022,-1.36933767,0.2885083299,1.1001225864,0.3555152318,0.6664001838,0.5890313394,-0.319066174,0,0
20,36,1,5,40,0.0692647855,-1.150670376,1.3567345541,0.1369963054,0.5659438633,2.164067609,-0.205490914,-0.359701952,0,0
120,48,1,4,24,-0.904207413,-0.599347612,-0.244506125,-0.846987991,0.9349414411,1.7975718087,0.4313955568,-0.252562896,0,0
300,96,2,5,23,-0.460240794,-0.944476702,-0.481506723,0.224466411,-0.728244673,-0.665500807,1.6296113645,-0.649669847,0,0
180,74,1,2,22,0.5923394261,0.5404395786,-1.003925945,-0.105740021,-0.082479717,-0.218096346,-0.792117616,-0.245929743,1,
120,84,1,4,23,-0.084879935,-0.78191992,-0.245883474,-1.281292884,0.9192540037,0.7669945893,-1.252282151,-0.485533964,0,0
60,60,1,5,24,-1.821545973,2.0370835307,-0.716136088,0.5896560944,0.3366389648,-0.742537387,0.5941133975,0.4719572542,1,1
60,48,2,5,22,-0.976076356,-1.090818595,-0.702021944,-1.15657712,-0.100560678,-0.790398868,-1.401605686,-0.815302031,0,0
30,30,1,5,23,0.7387058393,0.6192227642,-0.145660921,1.2614197237,0.2110087394,-0.184781946,0.027859576,-0.413254731,1,0
105,84,2,6,21,-0.799312018,0.8657844361,-0.239220727,0.6335424542,1.4249901411,-0.60270541,1.2021414561,-1.843365363,1,0
150,20,2,5,30,-0.906547896,0.9327107909,0.7034627646,1.1442407606,0.2805569457,-0.402398151,-0.982841995,1.3785484217,1,1
35,35,2,0,25,-0.24846671,1.0201178467,0.142419286,-1.089406438,-1.411193797,0.212776529,0.158757261,-1.17622095,1,0
75,23,1,4,37,-1.143258815,1.1367066747,0.5922714478,-0.323754022,-1.112652746,1.5517090657,-0.254219506,-0.255954122,1,0
15,33,2,6,32,-1.372398368,0.0843282465,1.1366263179,-1.655871637,0.1871130785,0.0161982063,0.6049755993,-0.440958037,,0
60,45,1,4,47,-0.373128347,1.3694400947,-0.103721904,-0.216325342,-0.646802231,1.0665676135,-0.026248193,0.1945070476,1,
130,37,1,4,45,-1.234068018,-0.58680774,0.4840242828,-1.574937655,-0.709131062,-0.222522661,0.9289508069,-0.195081966,0,
105,15,2,5,33,-0.164362325,-0.197763109,0.8442819806,0.470297337,-0.756378708,-0.667925723,-1.699271759,0.1356904574,,
30,78,2,6,36,-0.140864033,-0.081667104,2.0514045675,0.5448442254,-2.62955457,-0.921080491,-0.76651148,-0.266583862,,0
300,120,2,6,30,-0.303840698,-0.330879789,-0.169942337,1.6679476294,0.4690709466,-1.084297507,-1.160502304,0.0558846189,0,
60,84,2,6,53,1.2388822712,-0.634110763,1.1206349146,0.605723521,0.4573780052,-0.217547788,-0.157384243,0.559899215,0,1
240,60,2,6,33,-0.48561144,-0.583310815,-0.326210075,-0.812297896,0.7303500122,1.2634256948,1.1906908764,0.2382148562,0,
120,96,2,6,32,-0.295916633,-1.232910196,-0.072350356,-0.020610237,0.512446842,0.5669983483,-0.666740617,2.0520300476,0,1
120,84,2,6,29,0.5156366355,0.4017007487,1.3410277385,-0.690074365,-0.034757376,0.2661498621,-0.820412646,0.2861250484,1,1
60,84,2,6,31,-0.276179674,-0.456652622,-0.371814683,0.2563884064,0.2886210488,-0.085106848,0.1313489539,-0.223072272,0,
120,48,2,5,25,0.1777028364,-0.076939209,0.0162786676,0.5575606468,1.272809686,-1.057339709,-0.327975631,-0.530928216,,0
240,60,1,5,25,-1.686588933,-0.447044548,-0.507401164,0.3500215541,-0.958494326,0.8017252879,1.91788689,-0.8701685,0,0
240,72,2,5,23,-0.255453736,-0.539528822,-0.689208011,-0.944590601,-1.848149491,0.5114497679,-1.509897599,-0.394348576,0,0
300,72,2,5,24,-0.304684037,-0.951130956,-0.706748944,-1.800412991,-0.681477806,-0.055913726,-0.43962467,-0.917768218,0,0
180,72,2,6,40,-0.484759051,-0.476338352,-0.118829082,0.3155543002,-0.723120139,-0.608450974,0.3839594796,0.3171934357,0,1
360,120,1,5,27,-0.22599286,-0.501347168,0.1780517095,-0.242072862,-0.508395002,0.4300873234,-0.072051175,-0.475331803,0,0
180,84,1,6,25,0.5243929074,-0.125774196,-1.164040443,-0.56751293,0.73884314,-0.36599474,1.1656810319,0.7683900819,,1
180,96,1,5,26,-0.150348276,1.8547699038,-1.737103461,1.0183823119,0.8740351333,0.7245228965,-0.494290867,-0.392401532,1,0
420,96,2,5,48,-0.009181386,-0.342309144,0.5656903443,-0.914000843,-0.53114831,-0.354890359,-0.653281669,2.3681841978,0,1
180,108,1,6,26,0.1979404522,0.5225715845,-1.295275002,-0.892292573,-0.622979109,-0.002746211,-0.712431433,-0.78164772,1,0
120,108,1,5,24,0.6458189741,-0.094232741,-0.845251006,-0.475645285,0.7813147036,-0.950136849,-0.406633243,-0.402986874,,0
60,84,2,6,28,-0.188913893,1.6034084682,0.5683043838,-0.13073642,0.9553111737,0.3715271478,-0.57473381,-0.273118599,1,0
120,72,1,5,44,1.5667098035,2.8996669079,-1.828242825,0.8567463005,1.4759986948,-1.137272432,2.1241903456,-0.179223281,1,
120,72,1,6,28,2.5562792947,0.2558226321,1.2344679469,-1.983585014,-1.853562558,-1.138054046,1.8815794284,1.6104654104,1,1
180,60,1,6,26,0.8803542326,-0.189177456,-1.216075303,0.7777731198,-0.376700044,1.4731463695,-0.084148413,-0.517524488,,0
60,120,1,5,49,0.5421601119,1.0208136985,0.4595837052,-1.201373447,0.6481193475,-0.953990155,-0.423697325,0.5638390951,1,1
60,60,2,5,25,0.3969467233,-0.102706082,0.8319762689,0.3356892842,0.4545407518,0.1449146203,-0.407770758,-1.172400034,,0
60,60,2,5,51,1.540202379,0.7243819339,0.2425397845,-0.018498777,1.1614962517,2.6986006766,-0.232970644,1.8947099682,1,1
120,60,2,5,37,0.0319555662,0.4771065165,-0.97174058,1.252003304,1.3301568801,-1.090366039,-0.407640914,-0.398552934,1,0
60,108,2,6,30,-0.934492602,-0.12683227,0.2932358603,-0.136735424,0.2873738175,-0.640425561,-0.344839643,0.5101130974,,1
120,108,2,5,43,-1.326981765,0.7974778271,0.3402190954,-0.228138665,-0.316098715,-0.387883747,-0.761802878,-0.438852825,1,0
240,96,2,4,28,2.164730476,-0.777045904,-0.291525596,-0.761578372,0.235163332,-1.136257449,1.2896218416,1.3079720373,0,1
60,60,1,4,45,0.0930118006,-0.459469218,-0.553851508,-0.370317961,0.8006049271,3.0426250168,-0.152179307,1.7389628635,0,1
180,60,2,5,51,-0.178860467,-0.908131025,0.0901112845,0.9481800091,0.4110258271,2.5221858647,-0.567551841,-0.073720347,0,
180,108,1,6,27,2.158688301,0.2940022891,-0.295098443,-0.716449814,0.9472884403,-0.573032522,1.2404952785,-1.060349339,1,0
120,48,2,6,54,0.038231081,-1.388307178,0.1125044195,-0.768971928,-1.176814301,-0.850413912,-0.321740967,0.356343555,0,1
60,48,2,6,35,2.2121115926,-0.369901962,0.7275204983,-0.605813321,0.8723478163,-0.607963876,1.2749369485,1.839773865,0,1
60,84,2,5,26,0.7552715509,-0.606132387,1.507219278,-1.014557413,-0.203551665,-0.359156824,-0.402871696,-0.282246436,0,0
60,48,2,5,50,-0.412776323,0.7541279487,1.5424283503,-0.126439285,-0.315605218,1.0438616893,0.0302732183,-0.153783174,1,
300,84,1,5,26,-0.838204877,-0.174907099,-0.391675741,-0.996024597,-1.836841573,0.2891327454,-0.429347855,-0.36661897,,0
60,120,2,3,51,1.916808611,-1.324642976,1.79296532,-0.569742532,0.9683679707,2.4280293242,-0.359152338,1.1288871383,0,1
60,96,2,6,40,0.3132526783,0.2379086492,1.4641088233,0.8040786285,0.4084699811,0.4734277788,-0.205409556,0.0922828071,,
60,12,2,5,29,0.5029632614,0.0777305712,0.536734251,-0.305245932,0.2565880008,-1.140478333,-0.434355349,-0.177776854,,
120,36,2,6,37,-0.009486668,-0.794497182,-0.387707747,-0.070979771,-0.457541243,-0.895987106,0.1779140934,0.6836716023,0,1
360,72,2,5,33,0.2304545442,0.1863351875,-0.608592519,-1.999658682,0.3983445969,-0.919353456,-0.465619307,-0.740809907,,0
240,96,1,6,23,-0.356516051,-0.799163754,0.0986816867,0.2027196823,0.1355633736,-0.68319989,-0.29728511,-0.571798777,0,0
60,84,1,6,31,1.5519641844,0.3247196236,1.7220226119,0.424238668,0.7081959281,1.421487135,-0.412689261,-0.872010499,1,0
240,96,2,6,27,0.1119702069,-0.668012824,-1.155544653,0.4522264769,0.3676305793,-0.557295717,1.20841807,-0.953892664,0,0
240,84,2,6,32,-0.382495045,-0.728510786,-0.368250505,-1.009375583,-1.235717323,-0.108842872,0.2925785555,0.1045362612,0,
120,96,1,6,31,-1.775174749,-0.695031597,0.4527682143,-0.332983137,-0.489259125,-0.244777217,0.190108268,0.063733525,0,
180,84,1,5,26,0.5766958372,0.3327883799,0.1770137444,0.724729737,0.7117077176,-0.263523107,-0.241268317,-1.044758338,1,0
180,84,1,5,24,0.8196042884,-0.833443445,-0.290613501,-0.87539131,0.1817826384,0.5451829071,-0.342605892,-0.940285109,0,0
180,84,2,4,26,-0.254772255,-1.15679592,-1.010544689,0.4797267928,0.9735282225,-0.424971202,-1.295626228,-0.681756866,0,0
180,84,1,6,29,-0.04931543,-0.074521772,-0.394402615,-0.5926896,-0.066114051,-0.633776486,-0.061259839,-1.071817308,,0
240,72,1,6,24,0.1032799975,-0.223114519,-0.405076788,-0.999408906,-1.955928577,-0.874448026,-0.696797573,-0.316899829,,0
120,96,2,5,38,0.0877922046,0.4942513092,-0.616980678,-0.739451892,-0.627408415,-0.167115728,-0.331256962,0.2171782041,1,
180,192,1,5,44,2.2871397376,-0.295575541,-0.19579937,1.0964143026,0.1249004458,-1.300515426,1.3786806404,0.229816116,0,
120,48,2,6,26,0.4497272148,1.0067298088,0.4429127378,1.1295892019,-1.118799014,-0.426946058,-0.189086406,0.4579741481,1,1
180,54,1,5,24,-0.238854706,1.2867830031,-0.552240141,-0.332270442,-0.483235089,0.0896907854,-0.556392878,0.3286607814,1,1
180,60,1,5,26,0.9075196773,1.4445618915,0.0301656159,-0.963672811,0.3001932915,1.1388365563,-1.319324712,-1.172867288,1,0
120,60,2,5,27,-0.182966233,0.4086828817,-0.148068877,0.7318680308,0.3381482579,-0.869502198,0.2266735804,-0.635565445,1,0
60,60,1,5,26,1.9690800474,1.5956767083,1.7359813382,1.0109148512,0.7815861416,0.5195276399,1.5344968112,0.1200491994,1,
120,72,1,6,27,-0.351508007,-1.346662505,0.2101803732,0.4293901615,0.3801664044,1.0774295089,0.2538870945,-0.492736495,0,0
120,60,1,5,27,-0.866551527,1.840070842,-0.376641996,-0.771666335,0.3962812707,-0.02726681,-1.437203675,-1.651059797,1,0
120,60,2,5,28,0.197395029,-0.570726277,-0.580873129,-0.481659501,-0.118845123,-0.749267044,-0.193449102,-0.598344268,0,0
60,84,2,5,23,0.5019001323,0.341133406,0.3183693613,-0.556501914,-1.039891633,-0.693975784,-0.360391626,-0.928085394,1,0
60,96,1,5,25,1.157834728,-1.008715247,-0.063690556,-0.021799116,0.0202534776,-0.547964002,0.454125462,-0.343757573,0,0
120,72,2,5,29,0.0587219266,0.0024446714,0.3775798686,-0.422783164,0.4329339963,-0.995608877,0.0909749177,0.0469190229,,
120,60,1,5,26,0.1510199,1.5485295427,-1.164599693,-0.017102228,0.6835388846,-0.110064757,1.1511831711,0.1006688495,1,
60,60,2,6,30,0.9538362157,-0.826234902,-0.765491078,0.473575384,0.7863539637,-0.498781925,0.1473023743,0.3958275866,0,1
60,60,2,5,27,0.1471246702,-1.54657612,0.2525163147,0.5786568995,0.4711505996,-0.151054937,1.1642707971,-0.735460872,0,0
180,96,2,5,23,0.6291918467,0.1806911032,-0.799635634,0.0803520935,-0.297009561,-0.240855892,-0.281722762,-0.980452897,,0
120,48,2,4,29,0.393091294,-0.038405497,-0.665366118,0.0280715656,0.0809661492,-0.890187559,0.3942785004,-0.40661129,,0
240,120,1,5,26,0.5827594246,-0.820137286,-0.0445851,-0.071387869,-1.348677658,0.6940558817,1.3186806737,0.9592361387,0,1
120,60,1,4,53,-0.295450758,-0.211367462,0.0531445641,1.4834119155,-0.339615295,1.2746747682,0.8934128119,-0.76228483,,0
60,36,2,5,28,1.1344835444,0.3610508462,0.3666357841,-0.797214569,1.20810755,-0.157005302,-0.778009062,0.8640158443,1,1
60,84,1,5,58,0.1779984101,-0.318773755,0.1276057146,0.4178242022,0.2618362018,0.3569385347,-0.471258463,0.4811344319,0,1
240,84,1,4,28,-0.031123822,-0.367853285,-0.511651282,-0.225184308,-1.121123484,0.7112645029,0.62276608,-0.929558602,0,0
180,48,2,5,26,0.4046795351,1.1174785073,-0.139848367,-0.677540052,-0.658124236,-1.056440964,-0.383649081,0.2996699295,1,1
120,72,1,5,24,0.9499889105,-0.579227292,-0.092463506,-0.211364738,0.9211672341,-1.00538286,-0.083952479,-0.591391207,0,0
120,48,1,4,32,0.2408310301,-1.078230428,-0.099665645,1.1172051008,-0.232851155,-0.976033062,0.4400290909,-1.328139327,0,0
120,48,1,6,22,0.1335787789,-0.870058746,-0.969092616,-1.559716481,0.5715725302,0.1863693389,-0.649797197,-0.189929469,0,
180,48,1,6,26,1.9084255725,2.3683420933,-1.082006482,0.3746908849,0.2444262649,2.3012399558,1.8294152346,0.0349377315,1,
180,66,1,5,26,1.3884739698,-0.586458215,-0.048952756,0.3073137295,-0.116080638,-0.142418147,0.5072386755,-0.667748177,0,0
360,84,2,5,34,-0.622031127,-0.635683108,0.0825809374,0.5739896453,0.2363512064,-0.948433636,-0.078558453,1.5500360527,0,1
120,72,1,5,26,0.5657012458,0.1363688027,0.1123381547,0.0393400012,-0.389936553,0.3844786243,-0.410491863,-0.325347368,,0
180,84,1,6,21,0.1235206891,-0.26722545,-1.025451688,0.5430461721,0.460240041,-0.288567272,-0.384475747,-0.91792478,0,0
60,60,2,5,51,-0.164850435,-0.560637642,-0.144845559,-0.159403434,-0.432155446,0.1805629628,0.8138379288,1.6887305634,0,1
180,72,2,6,25,0.537790456,-0.40161049,0.0318105499,-1.397599564,-1.421213457,-0.498188459,-0.683391635,-0.083172917,0,
60,60,2,6,34,-0.279560504,2.0964384275,2.2853134492,0.8262415299,0.5615157276,-1.32782752,1.262885559,1.4389099143,1,1
360,120,1,4,40,0.381266172,0.444593576,0.0412168583,-1.379073463,-1.059662543,-0.979078258,-0.370478304,0.8645601555,1,1
240,60,1,6,23,0.8329303364,1.6959189475,-2.077529338,-1.605516354,1.808776801,-0.998346595,-0.6008308,-0.338347438,1,0
120,180,2,5,28,-1.15952724,0.100994013,-0.979580254,0.734607331,1.0473092819,-0.204425063,1.1872137149,1.3316327814,,1
180,84,1,6,26,-0.039174432,-0.606914251,-1.359934973,-0.522118897,0.8264167188,-0.872220303,0.6538100874,-0.152320735,0,
180,72,2,6,33,0.4122430631,-0.11920821,-0.496590344,-0.574117153,-1.230133164,-0.201123363,0.0273123746,-0.012177051,,
120,120,2,6,33,-0.526817421,-0.509666593,-0.396359884,1.5192471579,-1.010917651,-0.776652405,0.4091148944,0.5211878306,0,1
240,72,1,5,25,0.7956495394,1.0981926678,2.7327243908,-1.85445338,0.1887033735,1.3087059404,-0.280129017,-0.549100166,1,0
120,72,2,5,32,-0.448164852,0.897258848,-0.431242775,-0.09631638,0.1217423946,-0.890995603,0.1747326417,-0.598188724,1,0
240,72,2,6,40,0.9052957287,0.8197370187,-0.404672439,-1.611503812,-1.438878026,-0.990516041,-0.404428154,-0.11958237,1,
60,72,1,5,43,0.7528639829,0.5355744073,0.3814346503,-1.051509008,-1.756167125,0.1790050251,-0.3605991,0.1171008283,1,
60,72,2,5,34,1.1009040645,0.6350611982,0.8804385007,0.445260017,0.6703222811,-0.399257854,0.1174505998,-0.976985652,1,0
300,84,2,5,38,2.0323229787,-1.249705616,0.4085733273,-2.150692819,-1.505296172,-0.749582077,-0.41805019,-1.193904977,0,0
180,156,1,6,28,0.1281359488,1.0355709192,-0.349747718,0.7068938317,0.7075896858,-0.44986757,-0.392886942,-0.878012344,1,0
60,180,1,5,37,1.2333979885,1.5795984256,-0.029789518,0.2276284758,1.3812283849,1.9811597449,0.4530576447,0.7837221829,1,1
60,48,2,6,37,0.9431466102,-1.697372932,2.2377364664,0.576620566,-1.343480584,-0.538417511,-0.280694761,1.1788186355,0,1
60,84,2,6,32,2.2517290214,0.8806897204,-1.504015212,0.7472873932,1.2589465168,-0.942009758,-0.005673956,0.8055258806,1,1
60,72,2,5,23,-0.601662363,1.9685984232,0.9409423932,-0.691065539,0.0352046429,0.3880578637,0.4850490551,-0.972657413,1,0
120,96,1,6,23,0.2631679583,2.1360065385,-0.779636089,-1.06049502,0.8125998933,-0.97328408,-0.368609518,-1.141117971,1,0
180,60,1,5,40,-0.932231705,-0.331775858,-0.187711567,0.9258430139,-1.407346389,0.1093989957,-0.99249459,-0.106631914,0,
60,36,2,6,40,0.3382493366,-0.23736203,0.3019933337,0.4307519171,0.2573118709,0.5687768609,-0.287266463,-0.525247467,,0
60,48,2,5,40,0.47846932,0.8290211925,-0.179280153,1.3550719313,0.4022119195,2.2229063853,0.1175166451,1.9312564328,1,1
30,48,2,5,31,-0.359068539,0.0773195269,0.4580988643,-0.494599776,-0.943604968,-0.602393463,-0.228686335,-0.196280304,,
30,4,2,5,34,0.0202216739,0.4833137811,-0.087053202,-0.865712187,0.6675640293,-0.298782576,0.0721942607,0.2437143181,1,
10,180,2,2,56,-0.41229207,-0.52971602,0.5447635106,-0.597033185,1.2993368242,0.0334147444,1.0909429893,0.4225510535,0,1
60,108,1,5,54,1.3679724229,-0.541184751,-1.112908198,0.2075285248,1.6968752623,0.0623861663,-0.387234326,-0.692938131,0,0
60,120,2,6,34,-0.107515524,-1.149497479,-1.205331553,-0.651274096,0.9466414503,-0.649808182,0.0585974878,0.7660229919,0,1
120,72,1,6,24,-0.737209427,-0.379489097,0.3643684791,0.1340041467,-0.086376383,-0.274470017,0.8281876619,0.3467426477,0,1
180,60,1,6,27,0.4630197084,-0.595161577,-1.392546228,-0.34130482,-0.704286335,-0.208848318,-0.295211698,-0.442439115,0,0
30,72,1,5,25,-0.290930661,-0.142866223,0.4891198415,0.8207106474,-0.312287613,-0.198264777,0.1975961495,-0.85656909,,0
30,72,2,5,29,0.061198884,-0.657096006,0.4218845136,1.4181999896,0.4758899182,-0.335206621,0.6894649639,-0.1429339,0,
120,120,2,5,32,0.042581341,-0.278934782,-0.904807381,0.5314476925,-0.136934771,-0.888006925,0.2134713982,-0.545939625,0,0
60,96,2,6,39,-0.080583535,0.8057295052,0.8402774571,-0.06496189,0.0726053218,0.1443284944,-1.979069285,0.8200309167,1,1
180,144,1,4,47,-0.450689464,-0.733474516,-1.105306957,-0.483925501,0.8079544254,0.8995153952,-1.226730975,1.1216670333,0,1
20,120,2,6,34,0.2404612992,0.4328340242,0.2543222944,0.2980147088,0.5721019675,0.5109429546,0.1597485396,-0.588567453,1,0
150,12,2,2,25,-0.243821149,1.0225775051,0.0280385467,0.4363491823,0.9396773002,-0.333786053,0.0837969417,-0.207814608,1,
60,18,1,5,22,1.5907713948,0.6993170381,0.4173228054,0.5156390374,0.7337286362,-0.651863356,-2.093281771,0.6194833322,1,1
150,65,2,4,40,-0.568334656,0.8572237888,0.1153005625,1.5439457472,-0.918277021,-0.481674081,0.3439298374,1.507661765,1,1
25,24,2,5,28,-0.334948449,0.5126917586,-0.749279551,0.5640342199,-0.104775711,-0.350066725,0.6784163238,0.7794054302,1,1
120,108,2,5,30,-0.158075813,-0.650783935,-0.987569459,-1.634633113,-1.354203474,-0.793002293,-0.494473802,-0.2077066,0,
15,48,2,4,28,0.4683029964,1.2327516115,-0.432581175,-0.607351536,-0.556867499,-1.137872808,-1.087323575,-0.034452729,1,
60,84,2,5,25,1.0392540756,-0.349174551,-1.184459552,0.2618820993,-0.417144368,0.187421323,-0.269137817,0.1315104191,0,
120,72,1,6,26,-0.507527114,-0.824393381,0.9720397739,1.4093808365,1.0967676623,-0.990917873,0.2656035214,-0.60793447,0,0
5,120,1,5,33,-0.28354124,0.5750931841,0.6096757741,0.2938543153,0.6930849322,-0.981058865,0.0137897291,-0.761716812,1,0
90,48,2,5,35,-0.142330505,-1.857039102,1.7813285182,0.6865916359,0.3081933305,0.6439970767,-1.570525979,-0.247625775,0,
120,120,2,5,27,-1.283657231,1.5607592864,-0.887393791,0.1516066081,-0.188537986,0.082299988,1.2342565381,-0.182657714,1,
165,120,1,4,49,-0.85237519,-1.015470254,1.1030540101,0.1707989559,-0.894135445,-0.005035662,1.1902246289,-0.149858292,0,
240,96,2,5,25,0.9770512653,0.4639721355,-0.83660566,-0.707109045,-0.89838651,-1.137173781,-0.387400346,0.4014803977,1,1
20,48,2,5,27,2.2680383818,0.6091135596,-0.337241863,0.8008498131,-0.407267946,-0.126442392,-0.210305654,-0.560109716,1,0
60,72,2,6,33,-0.25913022,-0.15763678,0.3816020119,1.352380164,-0.722211755,-0.574835725,0.4751355922,-0.977133099,,0
180,60,1,5,28,-0.709118479,-0.895374222,-1.192270009,0.8991021171,0.6159343033,-0.838877736,-0.345802175,-0.801664856,0,0
60,36,2,4,28,-0.65827333,0.4002831679,-0.533926418,-0.093245945,0.5801538079,-0.905912292,-0.49228115,-1.272048572,1,0
60,72,2,5,25,-0.326989388,0.5266530692,0.8411919993,-0.838509955,0.5476485299,-0.956751284,-1.192059229,-0.818191836,1,0
75,120,2,5,25,-0.97580822,0.2315136937,-0.982225032,-1.240870394,0.8564317713,-0.320461675,0.9222598631,-1.034266409,,0
60,96,1,6,40,0.2955708017,-0.675893937,0.0648270966,-0.339993938,-0.052456251,-0.033357488,1.4503313343,0.2487726938,0,
180,48,2,5,35,0.4656770619,0.093481849,0.6202995875,-0.332105387,-0.466068302,-0.30867295,0.6333187928,0.0311246057,,
300,60,1,5,34,0.4793080548,0.0656548003,0.384582112,-0.541262227,-0.396708615,0.3905293477,1.0277014011,-0.225508282,,
45,84,1,6,28,0.0217491869,-0.802770804,0.7413342834,0.8141562373,0.6647644143,0.4876676835,-0.242630844,-0.672158237,0,0
120,60,2,6,43,-0.413502322,-1.666164942,-0.130839224,0.0804132792,0.5538421844,0.0389278474,0.0799840847,1.4550166601,0,1
3,60,1,4,75,0.711958731,0.5949609414,-0.299112018,1.0463670902,1.3567844764,3.6239001427,-0.223193469,-0.520789623,1,0
120,120,1,4,55,-0.373150396,-1.457847138,-0.381785224,0.4955991967,-1.287726376,3.9343625789,-0.097376031,-1.240931993,0,0
30,120,1,6,46,-0.961244366,-1.002020667,-0.439812041,0.6309746192,-0.696934461,0.4165154332,1.9280725543,-1.059909314,0,0
60,36,1,6,40,-0.210080306,-0.712937419,-0.113519951,0.3231520172,-0.963354038,0.5758913329,0.5233965222,1.2140172188,0,1
300,72,1,6,28,0.7037477105,-1.179137823,-1.584493031,1.276550906,0.1710274788,0.5642731934,-0.681103777,-0.429380759,0,0
5,24,1,5,48,-0.349105385,0.0641695869,0.6471304308,0.2428590897,0.8478239503,0.0762184418,0.4484472727,0.2171304003,,
1,120,2,6,31,0.5333844265,1.4287523847,1.5090845537,-0.110712235,0.3679329258,-1.430576514,-0.986894918,1.2899788308,1,1
5,48,1,6,57,-0.72157207,-1.042533978,1.0549503227,0.1591991788,1.2160350032,1.2457550819,0.469232958,-0.399866398,0,0
30,84,2,4,46,-1.276579653,-0.802683001,1.0531967986,-0.718377912,-0.753154225,-0.499470637,0.9901411884,-0.871242352,0,0
120,144,2,5,44,-2.012898596,0.0173169721,0.5591484539,0.0860112796,0.7003067412,-0.540000265,1.7030807575,0.9699609546,,1
300,108,1,5,27,-1.547488532,-1.138209505,0.1360248101,-1.773797564,1.0615515346,-0.428859627,0.6086960035,0.213575507,0,
60,24,1,5,33,-0.659679046,-0.024611073,-0.05832337,0.9408773434,-1.332389989,-0.102840733,-1.013420269,0.0016611231,,
120,120,1,6,28,-0.7507128,-1.331016126,-1.249259466,1.5097800241,0.8396849936,-0.738026583,0.7476911683,0.4538506648,0,1
5,36,2,5,35,-0.371333961,0.7413981725,1.8735799321,-0.334972652,0.3562629841,1.1569565999,-0.954724201,0.8603395956,1,1
240,53,1,6,22,-0.276823224,0.7024977722,0.9686012626,1.0874226577,0.0948836145,-0.37788838,-0.139757199,-1.10059338,1,0
0,72,2,6,27,-0.267761546,-1.246394021,0.2323023684,1.8654157103,1.1975777927,-0.197789617,-1.033834139,-0.713500082,0,0
1,60,2,4,55,-1.448168867,0.6407553202,2.633177445,-0.565167952,0.6488078294,-0.196529608,0.9389960302,0.432631323,1,1
270,119,1,5,32,0.6641219057,0.2942765567,0.8961406396,-0.866957249,-0.843802913,-0.113262509,-0.327612112,-1.347072024,1,0
60,96,1,5,25,-0.648633397,-0.767064964,0.0935872909,-0.248684088,-0.414434943,-0.416967626,1.1195187195,-1.033603889,0,0
60,84,1,6,25,-1.376677415,-1.04016734,-0.219696329,0.0104033624,1.4669393563,-0.572321357,0.0175637208,-1.378373551,0,0
60,180,1,4,31,-0.945897069,-0.936107959,-0.872844315,-1.542334989,-0.349227906,-0.52403544,1.7785736427,1.4384909851,0,1
60,75,2,4,31,-0.638950986,0.2548169335,-1.624811186,-1.128290745,0.6284708274,-0.788073798,0.3491716741,1.2041758695,1,1
30,120,2,5,42,0.328039895,2.4061071782,0.0437517828,0.5622428609,0.9367305566,0.1716034423,-1.644128407,1.5980428171,1,1
60,72,2,5,32,0.257936689,-0.082321734,0.8726064064,-0.256449342,-0.900837153,-0.739744733,-0.326088669,-0.126234761,,
90,48,2,4,29,0.0501117349,-1.732214749,-0.180704386,-0.447193481,-0.029570775,-0.966897205,0.0714909089,1.4437777122,0,1
209,62,2,2,24,-0.285091328,-0.250733444,0.1417568153,0.2441742346,-1.211588604,-0.598999512,0.2972030942,-1.25306859,0,0
60,96,2,5,33,0.8690958372,0.8531410796,0.9876338039,0.1262556069,0.034512331,-1.162882562,-0.172432083,-0.560102681,1,0
120,84,2,6,31,0.3023301325,-0.75433364,0.0298235575,-0.92328011,0.9140807102,-0.799750537,-0.556021838,0.8744700852,0,1
105,132,2,5,-999,-0.557925551,-0.240409607,0.04114553,0.2558043195,-1.06936805,-0.361154428,0.4181114801,-0.16462566,,
60,36,2,6,29,-0.602322035,-0.237864737,-0.298988764,0.7617227121,0.6008158649,-0.62210252,0.7632301865,0.5481594721,,1
90,84,2,6,58,-0.044199346,-0.66199108,0.0776285564,1.7979921663,0.457753603,0.9967396267,-0.464195653,-0.269872422,0,0
60,132,1,5,35,-0.736053724,0.1206603436,-0.290793393,0.0219590413,-0.295984628,0.1391085114,-0.980051275,-0.218821281,,
35,20,1,5,27,0.5425727376,-1.392424189,-0.351180151,-0.02232619,0.18983491,-0.136190262,-0.352108411,-0.509761289,0,0
30,48,1,6,26,-0.742096878,-0.702515012,0.1875071395,0.755824369,-0.815156027,-0.042585299,0.2564303113,0.2978059065,0,1
120,84,2,5,30,-0.298877365,0.2605039476,-0.234048186,-0.400200769,-1.980291726,-0.649989435,0.934506661,0.797357741,1,1
180,96,1,6,41,-0.516290611,0.1053570978,-0.463664596,-0.528974122,-0.084649277,-0.664073885,0.4688202873,-0.031436177,,
30,11,1,5,57,-0.621977038,0.4021784544,0.6568749305,-0.354566934,0.9362128357,0.200231324,-0.355814185,0.2806445676,1,1
60,72,2,6,28,-0.080233072,-0.872865328,-0.126450022,-0.658354594,0.058583352,-0.226697075,0.1573370398,0.3990015276,0,1
60,72,2,5,31,-0.218376751,-1.25217303,-0.570334128,0.0204842032,0.2154278581,-0.148802119,-0.40081049,-0.641421922,0,0
90,60,2,5,26,-0.702626374,0.5133751977,-0.869631007,-0.104239142,0.5523328425,-0.890486075,0.3208875429,-0.181313662,1,
180,60,2,5,29,0.9793062328,-1.486480228,-0.604241455,0.3241050134,-0.867395807,-1.108454971,0.2079489945,0.9658548227,0,1
120,60,2,5,22,-0.468957004,0.6447047927,-0.575904632,-1.240058905,-0.277869359,-0.366976539,0.9418000911,-0.026784085,1,
180,84,2,5,30,-1.735098996,-0.867196702,-0.371038878,-0.108048846,-0.17825663,0.1879602317,0.6094885613,-0.268590228,0,0
45,62,1,5,27,-0.061281003,-0.476795427,0.2214605788,1.078821913,0.8170662306,-0.246952268,-0.955180306,-0.371680811,0,0
120,96,2,5,27,0.0342934401,-0.383884825,0.0684591821,1.1317778421,-0.541953243,-0.43075087,-0.104006301,1.1800227364,0,1
120,36,2,5,29,-0.408679652,0.5326732306,-1.049617609,0.3697226337,0.6901491315,-0.920821129,-0.674041045,-0.2339844,1,
135,63,1,6,23,-0.831845779,0.4153677022,1.0230064765,-0.323952142,0.9592656285,2.1476080162,1.2671036975,-0.995711982,1,0
30,36,2,5,25,1.3306910749,-0.736188289,-0.086911206,0.4837695023,0.6307871169,1.2685896892,-1.631214526,1.4195937,0,1
120,60,1,5,24,-0.598023773,-0.316709425,0.3335000081,-0.994608042,-1.104397393,-0.63222309,-0.056242685,-0.715754929,0,0
90,84,2,6,29,-0.896916802,0.4486075068,-0.210674794,-0.500962453,-0.772286244,-0.782155246,0.7224056981,0.2393683481,1,
180,72,1,5,24,0.6322863784,0.837704366,-1.032940459,0.5926071449,0.0859484404,-0.977192986,-0.247965225,-1.396317739,1,0
15,72,2,6,31,-1.738922802,0.0604982829,0.5660831037,-1.093893769,0.0739501303,0.4234529575,1.5132031644,0.5770329752,,1
10,48,1,5,29,0.2799315852,0.547594012,0.8136311134,0.8534463641,1.0710349657,-0.129147229,-0.291884253,0.3062635014,1,1
180,96,2,5,27,-1.385618499,-0.202485952,0.4136153893,-1.537434585,-1.036789093,-0.310197586,0.9120201807,-0.587165822,,0
390,84,1,5,32,0.0436157738,-0.981098585,-0.866362264,-0.582863576,-0.334338009,0.5136193352,-0.57380275,1.8371105767,0,1
30,60,2,6,33,1.4959074938,1.4035679421,0.577492784,0.536606802,0.648557861,-0.578994304,-0.950097552,-0.074188731,1,
5,3,2,6,33,1.4959074938,1.4035679421,0.577492784,0.536606802,0.648557861,-0.578994304,-0.950097552,-0.074188731,1,
120,120,2,5,32,-1.000248901,0.800830484,-1.084000499,-1.001740812,-0.792280664,-0.825227625,-0.047585002,0.1774751805,1,
190,120,1,5,29,0.1337799357,0.3195194494,-1.005570158,-0.283822066,1.3770196545,-0.769505003,1.6362310661,-0.345303078,1,0
120,84,2,5,44,0.1481192664,-0.357058722,-0.559071092,0.5003139816,-0.527584748,-0.3725974,-0.485439106,0.2994877558,0,1
5,3,2,6,33,1.4959074938,1.4035679421,0.577492784,0.536606802,0.648557861,-0.578994304,-0.950097552,-0.074188731,1,
90,85,2,6,36,-0.805143253,-0.410679389,0.4783573427,-0.370732543,0.0307701728,-0.0888469,0.0019491483,0.5714847798,0,1
12,84,1,4,29,0.0447914267,1.3836420877,2.208148722,1.5445844944,0.7142957261,-0.332753547,1.0674259874,-0.52404891,1,0
120,146,1,5,25,-1.207083027,0.0135006756,-1.046978442,0.3258585421,-0.089393193,-0.73246007,0.103661761,-0.759652379,,0
90,72,2,6,31,-1.596661348,0.1110560841,0.0856194645,1.9235288523,0.3608643575,-0.045599824,-0.035248503,-0.199306261,,
25,96,2,6,27,-0.401709245,0.5180720052,0.3552598854,0.9443078002,0.7970274846,-0.367087454,-1.094036564,-0.365554751,1,0
20,96,1,6,32,-0.329699883,0.817531457,0.4841434792,-1.12799202,0.569003248,-0.158263407,-0.40537895,0.1644347922,1,
15,60,1,5,27,2.1766809059,-0.966366157,0.3159157262,1.1684818568,0.8780153133,1.7048950731,-1.011024361,-1.939115758,0,0
35,84,1,6,33,0.7287770694,0.5991636247,0.1765257078,1.271442562,0.8690436932,-0.867028057,-0.553330413,-0.32051151,1,0
30,72,2,6,46,-0.374517205,0.4431677171,-0.013410177,-0.478849892,0.9634510102,0.0292171827,-0.865848659,-0.100993652,1,
30,48,2,5,32,-1.107821924,-0.243122182,-0.001683687,-1.269608004,0.4018722914,0.1729111544,0.1497071497,-0.426652341,,0
10,66,2,6,49,1.2270514628,0.9408192107,0.4758875066,0.7577376152,1.4201883091,1.6585517399,-0.904504865,0.7366085495,1,1
120,120,2,6,48,-0.576299141,0.0397126138,-0.796597612,-0.919549189,-0.317410853,0.0992135134,0.0230144004,-0.629539409,,0
30,120,2,6,51,-0.697766588,-0.333168702,1.5813395884,-0.065418419,-0.340203527,0.0048292601,1.1436876204,-0.502664642,0,0
120,108,1,5,31,-0.452586576,-0.904838568,-0.726872213,-0.544348433,-0.489261168,-0.205393714,-0.324451936,-1.002730559,0,0
30,48,2,4,50,1.6801397658,2.6759373691,0.066963258,0.6320906656,0.9888061495,3.5794208783,2.3810571077,1.5069869072,1,1
30,84,2,5,39,-1.499727715,-1.495590165,1.0915633442,1.7418868454,0.7693832934,-0.876616519,-0.403102448,-0.177127134,0,
40,84,1,5,46,1.4097498637,-0.371321335,-1.186850688,-0.322525399,1.3739559186,0.5496405198,0.5026630343,-1.163643773,0,0
180,24,2,6,47,0.8700304947,-0.046813707,0.3505258292,0.0950374388,-0.291089022,-0.936183541,0.7025352039,-0.20442933,,
10,60,2,5,23,0.4079717289,0.1840539637,1.7790859973,0.5506264695,0.8638976804,-1.185743911,0.1139510176,-0.57202279,,0
360,120,1,6,36,0.132222842,0.6618730754,0.3380918066,0.862407078,-0.89408779,-0.214468291,-0.207073505,-0.088165501,1,
60,48,1,4,27,-0.333276899,1.1882607762,0.1839127488,0.6081304917,0.4838055324,0.0265668129,1.2917169925,0.3464793897,1,1
120,3,2,6,30,0.3094747532,-1.522750107,0.7853354485,1.2988132582,0.4779380942,-0.995307449,2.102115662,1.28192471,0,1
120,108,1,5,33,-1.130406655,-0.567855088,-0.202091678,-1.710556182,0.8170673215,-0.516250369,1.6488508953,0.5011144638,0,1
150,38,2,6,42,-0.337780042,-0.035826949,1.1630376099,-0.928878309,0.0651260514,0.416107406,-0.353724745,0.6618798384,,1
90,120,2,5,39,-0.125433112,-0.359083464,-0.408261528,-1.070491817,-0.761448298,-0.769293468,0.146827623,0.7138406044,0,1
30,60,1,6,44,-1.070462391,0.693328717,1.4871163611,0.8951285485,-1.636654698,-0.111092558,0.4864847844,-0.709928496,1,0
60,120,2,6,43,-0.158203267,-0.121215303,1.4579795686,-0.312045115,-1.219837401,-0.046865506,0.6129336998,0.2846239808,,1
20,48,2,6,42,-0.10908335,-0.820322773,1.0144127153,0.9187282369,-0.015805178,0.6026853086,-1.736906678,1.850819645,0,1
60,144,2,5,41,-1.668194401,-1.168809537,0.2858915599,-1.263791726,1.5204986765,0.0238625972,0.9465476334,2.4147692985,0,1
0,84,2,6,38,-1.808068816,-1.154562062,-0.008701901,-1.583876717,0.680051237,-0.36557705,1.5124253343,0.228719132,0,
10,48,2,6,39,-0.018294053,0.1677030895,2.2858363343,0.8556381979,0.8741585229,-0.183281909,-0.5412353,1.3814523597,,1
30,84,2,5,25,-1.090438999,-0.25920996,0.1015822027,0.3198262451,0.7397927079,0.5873062656,1.0392370505,-1.012542148,0,0
30,60,2,6,36,-0.237968403,0.2265629696,0.1369844656,-0.9936706,0.045034231,1.40898979,-0.060552576,0.0029337432,,
120,72,2,6,31,-0.86204419,-0.229803059,0.0798456331,0.1631505034,-0.292256375,0.0016835706,0.8171959847,0.2028771783,,
120,48,1,5,34,0.488204557,0.9123064217,0.4953864035,0.1278446368,-0.995691296,0.7829582797,-0.185545994,0.5002841426,1,1
60,96,2,2,42,-0.964933843,0.1371152916,0.9219196963,-1.113815997,0.6573327185,-0.462515369,0.5408261266,0.8704673684,,1
20,24,2,5,36,-1.019963322,0.5221841297,1.1229396253,-1.713294813,1.1192128385,-0.722098903,-0.115531387,1.2217214182,1,1
150,98,2,6,50,-1.739935326,-1.132667414,-0.210754619,-0.279659366,-0.508182911,0.2730303575,0.6245661378,-0.637265652,0,0
60,96,2,5,40,-0.676185059,-0.359372611,0.6151341949,-1.45842898,-0.676585597,-0.748422758,-0.732709566,0.2102074982,0,
60,60,1,6,47,-0.278163038,0.2502583796,0.1913909608,1.131225319,-0.695838543,0.5282207692,-0.414377474,-0.111230306,1,
180,60,1,5,27,-0.571428853,-1.284449501,-0.29588985,1.5730195019,0.4537337295,0.720250799,1.3353106474,-0.681612373,0,0
30,120,1,4,50,-0.148256357,1.63718624,0.793436099,-0.133921197,-0.162498184,-0.173407823,-0.224797069,1.459819208,1,1
120,132,2,4,37,-0.82045582,-0.860835724,-0.132885816,-0.288305408,-0.66882297,-1.084449562,-1.75113768,1.310511711,0,1
15,60,2,6,41,1.552251522,1.5136829084,0.1426803235,1.1726603377,-0.984999021,0.1570849849,1.0920315468,0.6780538947,1,1
60,72,1,6,23,-0.658526051,0.3084416698,-0.946853607,-0.144367132,-1.306427015,-0.423144655,0.0941821951,-0.31716534,1,0
60,96,1,4,58,0.574020129,2.64162243,-1.282031022,0.6479917165,-0.693294341,2.0120062283,-0.639799657,0.5331913782,1,1
180,120,1,5,51,-0.258760769,-1.285801454,-0.139990694,-0.271915639,1.017582342,-0.508593612,-0.375061716,-1.061066811,0,0
10,60,1,6,33,-0.473604208,1.4318004033,1.3885895847,0.9832808389,1.0487706912,-1.166765445,-0.241057003,-0.479606502,1,0
30,60,2,6,35,0.3926328061,0.8176576008,0.5591242972,-0.344014428,-0.858642653,-1.086496713,-0.323279934,0.3005242625,1,1
300,96,2,5,35,-1.435710932,-0.103131318,-0.786795249,-1.666119939,-0.450820132,-0.36044233,-1.032184597,-0.027732716,,
60,120,2,4,27,0.2753923889,-1.107813715,-0.378993275,-0.912961821,0.7475201599,-0.814394181,-0.389128698,-0.440769435,0,0
30,60,1,5,38,0.1062662443,0.571931982,-0.403143799,0.8578859438,1.2595973682,-0.46054012,-1.773493198,0.5741653492,1,1
180,96,2,5,27,-0.955971927,-0.043033546,-0.45666159,-1.658997202,-0.440399777,-0.572406574,0.9753639957,-0.367893712,,0
120,84,1,6,39,-0.28732238,0.0063870728,0.3410170224,-0.272699464,0.5975074753,0.4998305363,-0.592097819,-0.641021359,,0
120,60,1,5,38,-0.662649315,-0.599889604,0.1226661518,0.3941418241,-1.567479606,2.1392483948,0.2590849683,0.2118898411,0,
60,60,2,5,38,0.3622546968,0.7018489287,0.4834283103,1.245503797,-0.869116055,-0.477284395,-0.212586866,-0.285371913,1,0
60,12,2,6,42,0.5362340292,-0.742244095,1.982054908,-0.316898796,1.1029198334,-0.315185965,-0.954524577,0.8514954315,0,1
120,60,1,6,38,-0.037372688,0.1279197463,0.063752862,0.5523031383,-0.589024187,0.0927689178,-0.044171507,0.2336644691,,
30,96,1,5,39,-0.353676508,-1.239947151,-0.99623026,-1.106056217,1.1197190743,-0.274671582,0.139037933,0.5407241806,0,1
1,120,2,4,55,-0.564240032,1.08796952,2.3943818342,-0.978246638,0.8811692658,0.6461565916,-0.08025619,1.7854555829,1,1
120,84,1,6,31,-0.020701845,-1.123634397,0.685973745,2.3241883724,-0.79299226,-0.415926196,-0.728755603,-0.8120639,0,0
0,168,1,5,35,0.8007646588,-1.456281168,0.8381590154,0.0161945363,-0.851179243,-1.008458576,-0.353669659,0.5184849713,0,1
30,96,1,5,35,-0.07497099,-0.453968116,0.2072275583,-0.72798061,-1.326843368,0.6722513044,-1.10337189,-0.45218915,0,0
120,48,2,5,30,0.3003892864,-0.764848904,-0.598529249,0.786321416,0.5815901094,-0.876900179,0.9440438613,-0.185246285,0,
120,36,1,4,29,-0.704240899,0.271934589,0.233904777,0.2295635109,-0.762254092,0.9196739436,0.2677095074,-0.400616502,1,0
60,72,1,6,26,0.1141286533,0.8270204519,1.0617423802,-1.607173238,1.0621238415,-0.638131019,0.3806036946,-0.515116196,1,0
15,66,2,5,33,-0.807529257,-0.835350528,1.1314427433,-0.359907568,0.0867064075,1.2209691343,1.2231689922,1.0222691896,0,1
30,84,1,6,45,1.4500649156,-1.600773472,0.7447985885,1.1073669197,0.4018428907,-1.013933966,-1.472347118,-0.769411004,0,0
270,60,2,5,40,-0.239771449,0.0757715328,-0.79216261,-0.490567154,0.3587816744,-0.754153665,0.334773943,0.0530983237,,
120,96,2,6,42,-0.84557206,-0.559657819,0.4151075345,-0.804943935,-0.488320434,-0.043520124,-0.464564493,1.2084430094,0,1
150,96,2,4,45,-1.130965177,-0.469950097,-0.481140555,-0.86628522,0.009897736,-0.728617809,0.6428843241,2.767417936,0,1
180,36,1,5,26,-0.926197591,0.2787030519,-0.121636457,-0.618550314,0.0112384128,-0.252931169,-0.029167321,-0.499155824,1,0
150,48,1,5,29,0.0330786413,-0.709635846,0.0498639775,0.2978911593,-0.198320022,-0.76927522,-0.087169448,0.6889290818,0,1
60,60,2,6,39,-0.30759621,-0.367947314,0.6633917081,-0.129539682,0.1067052109,-0.097466608,-0.348770372,0.1174195022,0,
30,24,1,5,23,-0.115740648,-0.53506708,-0.569629707,1.6436074341,-1.346766904,-0.434709964,-1.129974955,0.6722553715,0,1
30,84,2,5,26,-1.882189301,-1.068143727,1.2449175265,-0.138109116,-0.4441891,-0.633003817,1.1665589228,-0.701647072,0,0
30,41,1,5,21,-0.333486664,-0.37576001,-1.07550233,1.3750268618,0.2780442431,-0.220002565,-1.006371492,-0.141658921,0,
30,4,1,5,24,0.034928169,-0.580983871,1.4693218751,0.4525943036,-0.068859296,0.7244263225,-0.013328073,-0.578705152,0,0
60,12,2,6,29,0.0895062072,-1.076407203,-0.601522833,0.7911620986,-1.33038999,0.7868063255,-0.438659685,1.1027456253,0,1
20,60,1,5,29,-0.077855358,-1.249557656,1.3103017921,1.4009321474,1.3049183787,-0.311166885,-0.550161144,-0.437468193,0,0
120,60,1,6,27,0.9273800371,-0.466142683,-2.120233786,1.8379423434,0.788636545,1.2814862042,-1.862990422,-0.53408295,0,0
60,60,2,5,26,-0.958118469,0.3550043842,-0.897652547,-0.081719253,0.096556239,0.7745256238,-0.034365598,-0.660526537,1,0
30,96,1,5,30,-0.201490831,0.4572573385,-0.19862945,1.7743076865,0.3279115277,-0.091410252,-1.048184473,0.0023358304,1,
30,55,1,5,26,-0.200817422,-0.438496598,2.361492837,0.9431003698,-0.018410368,1.8147833004,-1.495609786,-1.823518488,0,0
60,96,1,3,27,-0.645471813,0.321586681,-0.543595044,0.2654567697,-0.689407578,-0.00512704,0.8818773619,-0.431367912,1,0
60,36,1,5,28,-1.386439955,0.5954862583,1.894645892,-0.34881418,0.7562670102,-0.467259821,0.4851305511,-1.806881363,1,0
90,72,1,5,32,-2.870392746,0.7316557514,-1.157997641,-0.714463204,1.724189614,-0.737589507,-3.654581493,-0.515276234,1,0
30,60,2,5,29,-0.730148463,1.006120745,0.031233312,-0.230173088,0.6237924376,0.5596646109,0.4150881191,-0.31695843,1,0
60,48,1,5,29,-1.891971963,-0.124575907,-1.012533439,-0.630680751,0.8445802473,0.3137842426,0.0848811318,-0.356078389,,0
165,48,1,6,25,-0.038309193,-0.299458701,-0.371574866,1.3620034623,-0.735970335,0.4900859906,0.3740347508,0.6844540622,0,1
30,36,1,6,31,1.3375577461,-0.087940329,-0.262272429,0.5935118834,-0.742078815,1.5889444654,-0.735999279,1.0708250573,,1
30,61,2,5,32,0.6232947073,0.8427450504,-0.429420688,-0.306675658,0.0074227155,-1.035279407,-0.171173905,-0.597057602,1,0
90,120,2,6,55,0.4003560092,-0.83606187,-0.254869218,-0.710557014,-0.656778378,0.1017667818,-0.360694647,-0.116351143,0,
30,72,1,5,49,-0.247549944,0.4029708313,0.7669901572,-0.274690702,-0.09878592,-0.142778709,0.7081603286,-0.121241464,1,
20,96,2,6,49,-0.799471544,1.3706331887,0.328857274,-0.876356714,0.3093352252,-0.9721868,0.9188589587,0.6530569828,1,1
300,72,2,4,29,0.1532244059,0.5558080722,-0.269258514,0.3421974138,-0.618453458,1.3906416175,-0.967644535,0.0156096913,1,
60,72,1,2,26,0.4199926214,-0.471536667,-0.032783583,-1.616263685,0.8309922224,-0.197474212,-1.048299408,0.5238238096,0,1
120,48,2,5,32,-0.706930743,-0.601456066,-0.36377322,-0.325318092,-1.390872211,0.171152935,0.9452545019,-0.510852722,0,0
90,36,1,6,27,-0.261063398,0.3500002812,1.2278689621,-0.366734575,-1.032813418,-0.239513458,-0.199571535,-0.35133449,1,0
60,60,1,6,23,0.1595697785,1.0535877824,-0.408846378,0.7889389385,-0.166380925,1.1667414375,-0.868445721,0.5858247902,1,1
60,99,2,4,31,-0.031746692,0.3902510386,-0.584068229,0.5482035297,-0.487784351,-0.139569749,0.2336042114,-0.498341535,1,0
45,60,2,6,28,0.769779136,0.1102117931,1.0312335667,0.8345293817,0.3056727235,-0.563906723,-0.43455113,1.8194606053,,1
63,60,1,5,25,-0.735216628,-0.516939443,-0.105170441,-0.584853187,-0.068066636,0.0298079637,-1.258426844,-0.614655946,0,0
30,120,1,3,31,-0.592199592,-0.202853764,-0.591665213,-0.227600469,-1.047243107,0.9051591796,0.0114023068,-0.614607576,,0
150,48,1,6,27,-0.931390789,0.7796476529,-0.472680704,-0.563601009,-0.032505134,-0.54611123,0.2908723395,-0.99510897,1,0
30,72,1,6,49,-0.347746082,-0.388482857,-1.154641288,-1.165585704,0.4322614165,-0.0597431,-2.751591063,-0.16137281,0,
45,72,2,5,50,-0.46100693,-0.631087416,0.171463183,-1.357703723,0.0544210839,0.1527263511,0.8705682335,0.9003031771,0,1
0,0,2,5,23,-0.20807207,0.3148735806,-0.133452734,1.2523203333,0.4600149352,-1.141917099,-0.289587772,-0.522248038,1,0
96,62,2,4,28,-0.595058901,-1.123260129,0.6360470772,-0.829354831,-0.440787163,-0.678102189,1.8401141158,-0.943605971,0,0
30,66,1,4,41,-0.493235589,0.0692703612,0.3720680005,-0.857951281,-0.86305723,1.2972942054,-0.76353357,-0.728924426,,0
30,84,2,5,37,0.830534196,-1.37387283,1.2450606867,-1.600464126,-0.772556519,0.8872339836,-0.356145026,-1.870053585,0,0
45,60,1,4,22,-1.20180375,-0.444412702,-0.907195817,0.4070270883,-0.363024792,0.182921709,1.4216984509,-0.481317807,0,0
0,78,1,4,22,-0.220577068,0.1635447543,-0.963032479,-0.318040664,-0.431558803,0.6458370812,0.1880308702,-0.417583603,,0
15,60,1,4,24,0.6785606435,-0.544661141,-0.2088829,1.2037905639,-0.149998238,-0.559804321,-0.220735971,-0.578097944,0,0
60,108,1,5,32,-1.0973132,-0.360642744,0.0333537614,-0.114915514,-1.22624289,0.0173785469,0.3212449273,0.2316742274,0,
60,108,2,5,43,0.2197150005,-0.435491082,0.6323684392,-1.395705338,0.5732367852,-0.020909451,0.9961776159,0.3036543424,0,1
60,108,2,5,43,0.2197150005,-0.435491082,0.6323684392,-1.395705338,0.5732367852,-0.020909451,0.9961776159,0.3036543424,0,1
120,86,2,4,26,-2.079452478,0.4643079669,-1.705592439,0.4699770449,1.1232880785,0.7767625963,0.7413599498,-0.389651873,1,0
30,51,1,5,26,-0.004573408,0.8601458868,0.3504838315,0.8856225288,0.286804888,-0.519804679,-0.846620512,-0.677535846,1,0
12,84,2,5,32,0.1453766989,0.8470645635,0.2625523358,-1.032352315,-1.397653591,-1.067251731,-0.540223323,1.3670894888,1,1
90,96,2,5,31,0.343027667,-0.619540592,-1.125826294,0.1973699972,0.4936044006,-0.52716011,-0.369534247,-0.306512205,0,0
240,120,2,5,34,-0.541305585,-0.437542394,0.1074935766,-1.028340458,-0.046165475,-0.252397471,1.5847515642,0.5896519375,0,1
0,60,1,5,27,-0.798628489,0.2979465827,-0.739542478,0.1300428229,-2.784597575,0.3972148369,-3.411632616,0.464031402,1,1
80,36,2,5,40,0.9912072735,-1.117400753,-0.918887046,-1.081746334,-2.492357508,-0.240529537,-0.968506455,-0.831343674,0,0
30,60,1,5,32,0.41148393,0.2927756769,-0.033664079,0.9632139671,0.9941440115,-0.368684164,-0.105398985,-0.83038608,1,0
30,84,2,4,26,-0.395012972,0.5519512641,-0.192827818,-1.687039606,0.7406489422,-0.527963211,-0.474397444,1.4985112551,1,1
20,120,2,3,32,0.408432267,0.243988524,0.388105606,0.7518964826,-0.559366878,2.7219011306,-0.092873557,0.6629407153,,1
45,72,1,5,23,-0.605290262,-0.605097741,-0.792707317,1.762641793,1.3800421095,-0.372724913,-2.077934209,0.4268662055,0,1
150,84,1,5,33,-0.374787405,0.5195974981,1.2817256767,0.764397553,-0.440001337,-0.688243055,0.4312087189,0.421920619,1,1
30,84,2,6,28,-3.113685415,2.1644677462,-0.238930867,-0.857995327,0.8825215774,-0.825734023,-3.604901845,-0.430163277,1,0
180,96,1,5,39,-1.084468206,-0.086111094,-0.439458954,0.3673610489,-1.088871869,1.3330175294,1.3997651094,-0.299334972,,0
30,37,2,4,26,0.4544444026,-0.797844612,2.3040759179,1.0821787087,-0.11433083,-1.016033356,-0.277680701,0.3543782963,0,1
30,12,2,6,30,-1.683039498,1.2390650124,-0.259902801,-0.185012959,0.59324896,-0.517029271,-1.253693048,0.5990372288,1,1
20,78,2,6,29,0.0534434473,0.8573598614,0.1965639234,-1.081331926,0.1880126777,0.1964059912,-0.658902619,-0.579460743,1,0
315,84,1,4,25,0.7817984964,-1.244521457,-0.34270603,-1.933516504,-1.01489597,1.5343739927,-0.228131734,-1.046957387,0,0
45,60,2,4,21,-0.336274149,1.9640089805,1.6918535003,-0.169502248,0.8853259968,-1.043015785,1.5328203975,1.6467516795,1,1
192,95,2,4,27,0.1069803227,-0.224215364,0.3333920426,-1.164391632,-1.242111087,0.1322570059,1.1723196423,-0.206200348,,
5,30,1,4,43,-1.090965483,-0.44632552,2.4528902903,0.7568743305,0.9278997681,-0.030432787,-0.339205905,-0.105134489,0,
120,72,1,5,27,-0.219288626,-1.143546793,-1.370212269,0.628908448,-0.786978108,0.1013999896,0.2962106635,-0.627106093,0,0
60,120,1,6,25,1.2247859035,-1.334131306,-1.272565728,-0.052205719,1.0002659417,-0.879013492,-0.3266682,-0.64385331,0,0
180,69,2,5,30,0.8684420656,-0.595452704,-1.096653178,-0.081786132,-2.716891937,-0.044224386,0.3003139254,-0.579570247,0,0
30,96,2,5,32,-0.609950267,-1.10078319,1.3882389096,-1.255146696,-0.302005746,-0.386509645,1.2411863225,-0.888604096,0,0
5,120,2,4,31,-0.466512643,0.8642344033,1.6890490522,0.204937373,0.7629989797,-1.063243298,-0.106671272,0.2595394348,1,1
30,96,2,6,30,-0.719894411,-0.029474801,0.278386363,0.2832247684,0.3019981412,-0.849977842,-1.075871535,-0.130902673,,
15,60,2,6,31,-0.422755487,-0.214163777,1.7217285882,1.1024596834,0.1624979712,-0.568752244,-0.341342325,1.026572893,,1
5,120,2,6,40,-0.883477484,0.8107753921,1.6911862272,0.5416216297,0.2590721074,-0.329398374,-1.194558043,1.0890402818,1,1
40,72,2,5,26,-1.201178698,1.0966461548,-0.586726852,-0.712778426,0.7613061517,-0.006745265,0.0559195172,-1.245206498,1,0
120,84,2,5,23,0.2715207088,-0.124356021,-0.743798781,-0.664749508,0.8772385013,-1.085275257,-0.925616279,-0.697805502,,0
30,60,1,6,24,0.0603109973,-0.085796971,0.3742369462,0.8131062731,0.9629261152,-0.689698928,-0.34300526,-0.059449958,,
120,60,2,6,27,-0.578100753,-0.569796346,-0.402576406,0.5899648987,-2.397736682,-0.604063748,-1.402828041,-0.219472684,0,
120,51,2,5,26,1.259334348,-1.329538451,-1.498613947,0.6813919332,0.3376500225,-0.973803953,-0.152844928,-0.752149201,0,0
90,72,2,5,26,-0.361027969,-0.831099692,-0.177728961,0.3011624018,-0.488105024,-0.149344845,-1.275567279,-1.051699591,0,0
100,65,2,6,26,-1.591773857,-0.996102388,-1.103282215,-0.294851694,-0.65516311,0.0208069092,-2.207880013,-0.492067783,0,0
30,45,1,6,57,0.4688192014,-0.449894508,0.2260040583,0.3894019486,1.156898526,2.9389738498,-1.544648262,0.3078370094,0,1
90,60,2,6,55,-1.013764846,-1.214685709,-0.808042608,-1.31027034,1.0312659466,0.3098846409,-1.686355637,1.196259317,0,1
60,60,2,5,31,0.0194120885,0.4776472545,-0.571733069,-0.210681507,-0.492327615,0.5624147438,-0.960275489,-0.217753479,1,
120,96,1,5,30,0.4110588226,0.1515361886,-0.226901708,-0.259443744,0.8218498247,0.6332319806,1.0718441928,0.5384190277,,1
15,36,2,5,26,1.343684566,1.571005679,0.9957650353,0.4941673887,-0.096746167,-0.299906153,1.4416976507,1.0400690126,1,1
5,60,1,5,48,0.6816845447,0.6879144058,0.5868086749,1.0858847045,-1.169757642,0.4032686026,-0.646768891,-0.112061232,1,
5,144,2,5,42,1.5175656066,-0.784414762,1.8500536733,0.7194339086,0.8825540837,-0.441026264,0.7400749762,1.1249925384,0,1
30,168,2,6,47,-1.362258569,-0.000278836,-0.319089438,-0.115801642,0.7804309522,-0.384232059,0.1657187778,1.1421266673,,1
40,108,2,6,34,1.2165645774,-0.776104112,-1.209243768,0.1557841497,-0.326791908,-1.03179944,0.4340399099,-0.67518602,0,0
50,102,2,5,30,-0.385932605,0.8933551764,-0.70516885,0.0235172316,-0.796666979,-0.55112762,-0.548052728,-0.223998839,1,
10,36,2,6,30,-1.254267035,0.5676192741,0.7845451563,0.513916641,0.8688602893,0.040220809,0.7349196706,0.412966173,1,1
120,96,1,5,30,0.4110588226,0.1515361886,-0.226901708,-0.259443744,0.8218498247,0.6332319806,1.0718441928,0.5384190277,,1
15,36,2,5,26,1.343684566,1.571005679,0.9957650353,0.4941673887,-0.096746167,-0.299906153,1.4416976507,1.0400690126,1,1
5,60,1,5,48,0.6816845447,0.6879144058,0.5868086749,1.0858847045,-1.169757642,0.4032686026,-0.646768891,-0.112061232,1,
5,144,2,5,42,1.5175656066,-0.784414762,1.8500536733,0.7194339086,0.8825540837,-0.441026264,0.7400749762,1.1249925384,0,1
30,168,2,6,47,-1.362258569,-0.000278836,-0.319089438,-0.115801642,0.7804309522,-0.384232059,0.1657187778,1.1421266673,,1
40,108,2,6,34,1.2165645774,-0.776104112,-1.209243768,0.1557841497,-0.326791908,-1.03179944,0.4340399099,-0.67518602,0,0
30,24,2,6,27,0.1108444945,0.859228619,1.282562822,-0.744091326,0.1613953891,-0.664253533,-1.636466063,1.0091665652,1,1
60,48,1,6,26,-0.716879871,1.0873370951,-0.149976952,0.5549181169,-0.625015796,0.8589644274,-0.289502325,-0.474914724,1,0
5,60,2,5,37,0.3389345361,0.1114912831,-0.759898173,0.3030899548,1.0445339787,2.3429660491,-0.425914082,0.3875036742,,1
1,2.5,2,5,27,1.0695345222,1.953650375,2.0005189589,0.2097420015,1.004017458,-0.137523547,-0.380285276,0.6214348207,1,1
180,24,1,6,33,0.6418276129,0.4144733383,-0.8378376,-0.147224044,-0.25141243,0.1154792576,-0.269167181,1.3784181961,1,1
120,84,2,5,28,0.7347190696,2.518622277,0.8905999503,-0.45116347,-0.157981157,-0.803354414,-0.950966504,-0.134946047,1,
120,60,1,5,36,-0.495207675,0.4232622615,-0.434936505,1.2986986821,0.4792031315,-1.175871596,-0.36551323,0.2102600242,1,
20,48,2,5,29,-0.665080399,-0.230507333,-0.068204139,0.4557302798,0.5252365867,-0.753388319,1.3057309454,-0.195862187,,
120,74,1,6,30,-0.601480452,0.2844108155,-1.40611655,1.2529231517,0.8408209853,-0.412571095,-0.543809977,0.9408165786,1,1
180,50,2,5,26,-1.587942023,-0.824200151,-0.076721902,-0.063796309,0.542826455,-0.596085992,-0.16583112,0.2537698386,0,1
120,56,2,6,30,-1.184012232,-0.241787595,0.8937458912,0.7919346736,0.6750410292,-0.943339559,0.257909358,1.325921902,,1
10,12,2,6,41,0.4306779927,-1.541129502,-0.037480352,1.8057618588,1.0026526483,-1.059361001,-1.017849703,2.5963804927,0,1
60,60,2,5,28,0.2419553237,0.4589326358,-0.042704338,1.2533661002,-0.009314661,-0.026095725,-0.070401123,-0.778987389,1,0
20,60,2,6,28,-0.382444315,-0.075400374,0.4756777854,1.9996623294,0.8583500646,-0.462803891,-0.248825357,-0.093054761,,
30,24,2,5,45,0.2554001821,-0.106945307,-0.077182341,-1.695491929,0.4568116573,-0.164618679,-1.189932357,0.0209562485,,
135,60,2,3,42,-1.301919772,-0.137478528,-0.990964446,1.2342211725,-0.001099471,1.4860893369,0.4927410051,0.7938109167,,1
45,60,2,6,27,0.3763115829,-0.825912388,-0.576414168,0.3420686422,0.7431141681,1.2513584637,-1.015324362,-0.242601064,0,
60,48,1,5,25,-0.819893722,-0.095134262,-0.860130478,1.1880784775,0.7316852139,-0.17143688,1.5976828036,-0.442560201,,0
15,42,2,5,25,-0.333655974,-0.274090133,0.0592760343,-0.240413188,0.8681281112,-0.797251087,0.0934484112,-0.75111669,0,0
20,24,2,5,37,0.851952635,0.3138876306,2.0946627601,-0.857340253,0.2417288486,-1.157050822,-0.85670493,1.6502999869,1,1
120,180,1,4,46,-0.41854984,-0.065847928,-1.490167109,-0.023507695,1.0355967415,-0.184396331,1.1552573128,1.3014394609,,1
60,144,2,5,36,0.2061145888,-1.203479926,-0.833639778,-0.098143674,-0.844874944,0.7866552791,-1.079847229,-0.336987712,0,0
120,48,2,3,35,-1.003669244,-0.31202447,-0.297556675,-0.645746241,-0.528279357,0.136101857,1.0994709843,-0.245257584,0,
20,6,2,6,29,0.1383738866,-0.207693715,2.5670770315,0.7668575643,0.9169984772,0.2219546539,-0.419124056,-0.551616064,,0
90,22,2,6,33,-1.567629666,0.3587461138,-0.325688026,1.0543308698,-1.071359844,-0.345584897,0.0303968379,-0.37060952,1,0
150,108,1,5,34,-0.941468831,-0.762238058,-0.440366943,0.3757506819,-0.073335841,-0.202926897,0.7991255653,0.3885824835,0,1
60,78,1,5,28,-0.371048053,-0.747523312,-0.982814758,0.3937784277,-1.278746109,-0.065672147,0.4147080349,-0.696541982,0,0
30,48,2,6,27,-0.717260936,-0.343210097,0.034931276,-1.291576868,-0.609066741,0.0812141365,-0.744500646,-0.324053216,0,0
60,96,1,6,35,0.5594084744,0.3684992435,-0.088266092,0.6723092636,0.1304968001,-0.294663597,-0.257028994,-0.036779062,1,
30,72,2,6,28,0.0575063311,1.1791569237,2.0484192289,0.685712176,0.5966399731,0.0262013797,-0.24958849,1.4880039694,1,1
60,48,1,5,27,-0.253898256,1.5391141508,-0.63418821,1.8616728851,-0.940372543,-0.103556108,-0.087686127,1.4568710711,1,1
150,57,1,5,23,0.6803950968,-0.587632738,0.5350132076,-0.38961285,-0.2115047,-0.153363615,-0.32058699,-0.687616797,0,0
150,120,2,5,58,-0.157655712,0.4311835021,0.8576211804,-1.304331805,-0.631821266,0.29758128,-0.156547137,-0.023020303,1,
60,120,2,6,32,-1.371423198,-0.056038037,-0.738399316,-0.244523443,0.7425156487,0.0642495585,0.4532791851,-0.519960582,,0
90,72,2,5,28,-0.409469027,-1.719769212,-0.161632085,0.8694672271,1.1362654052,-0.949971873,-1.253778136,1.3322823621,0,1
30,84,2,6,25,-0.062855919,-0.450669002,0.2187702242,-0.154434402,0.6327615192,-0.187142436,-0.889537268,-1.368861424,0,0
60,72,2,5,26,0.1669844811,-1.167858908,-0.401461144,0.8311790023,-2.013643748,-0.143043505,0.1080166972,-0.912830877,0,0
120,120,2,6,41,-0.313527455,0.3515993484,1.7538141135,-0.594274497,0.5785874859,0.5604371696,-0.828484141,-0.041832779,1,
240,84,2,4,23,-0.076022869,1.2422868214,-0.627270169,-0.97588734,1.3593957912,-0.798783232,0.171449707,-0.467732971,1,0
30,60,1,5,26,0.5613213498,0.898934835,0.9284131646,0.8720091794,0.6880269989,-0.953494341,2.1340894108,0.2715290462,1,1
15,48,2,4,51,0.585138208,1.1952864429,1.7878899505,0.5179212964,0.9964279273,-0.756595167,-1.065791445,1.0479979046,1,1
15,72,2,6,38,-0.898798017,0.6365764266,1.738259709,1.2568936264,0.4325643684,-0.122745926,1.1879882963,0.0988181615,1,
45,144,2,5,31,-0.523027131,-0.55763282,0.1848764445,0.7044198046,1.2360548888,-0.075823626,1.1723548735,-0.777728824,0,0
60,120,2,6,37,-0.236829541,1.7758415761,0.612790646,-0.583244727,0.0432449502,0.3258715088,0.289355158,-0.584595822,1,0
120,60,2,5,26,-0.903766638,0.2774236365,-0.839209751,0.1326883413,0.0669865012,0.0667530533,0.8807897249,-0.576159136,1,0
60,72,2,6,26,0.6618655174,1.3189727308,-0.549743578,0.9761561524,0.3077540367,-1.031330322,-1.764251022,-0.780391448,1,0
120,72,1,4,22,-0.135380595,0.6605210644,-0.755896274,-0.538714084,0.1810545871,0.0627843492,0.915712011,-0.60810803,1,0
20,73,2,6,28,-1.059080417,-0.112157093,0.4329738345,0.0795596899,-0.233001068,0.0039991682,-0.356254947,-0.38835231,,0
120,60,1,6,25,-0.305355665,0.1844469074,-0.765271434,0.2282260145,-0.539571944,-0.174104887,0.6672090157,-0.47361579,,0
40,84,2,6,42,-0.100892815,-1.093645039,-1.012960421,0.9105940647,0.4960679216,1.3526529891,1.0578276474,2.0780415029,0,1
120,48,2,4,40,-0.446925985,-0.642617747,-0.792043364,-1.546020432,0.9566297452,0.6441604418,0.4146705126,1.8229294304,0,1
45,48,1,6,36,0.7829735471,-0.154977223,-0.553699224,-2.04208755,1.3987284186,-0.85681101,0.5652695221,0.9907618157,,1
60,36,2,5,27,0.081918421,-1.423610825,-0.628945985,-0.421717839,0.5171196185,0.91855045,-0.222094244,1.8962812021,0,1
50,60,2,5,26,0.4198683406,-1.206971706,-0.749042939,-2.065039424,1.7022721464,2.2004955451,-0.20716994,1.8554336792,0,1
25,80,1,5,34,-0.931124894,-1.183897075,-1.393033081,0.3245959321,0.3215786056,1.5107271256,-0.140345923,1.8852079141,0,1
30,60,1,5,37,-0.138206791,-1.270254894,-0.967081767,0.5042241541,0.7150402608,1.8499162043,-0.300332293,2.1208787704,0,1
60,48,2,5,25,1.7973551165,-1.076227744,-1.49041455,0.4822039957,-0.105236358,2.0511559728,-1.95433469,0.625692041,0,1
60,12,2,6,25,-1.48083182,0.2428374593,0.1982970571,-1.413954822,-0.498241456,1.9605996135,1.1786861118,1.9060681864,,1
30,36,2,6,36,1.1220051626,-0.97516004,0.5059025223,-1.980680577,0.8751611988,-0.899858966,0.5434286975,-0.566523144,0,0
360,48,2,5,26,-0.733872743,-0.937578055,-0.410300806,-1.647139934,-0.59556828,-0.558659728,0.1950750352,-0.730592469,0,0
60,72,2,6,25,-0.987475643,-0.08666028,-0.193066379,-0.958920236,1.0017482602,-0.67775844,0.3396012891,-0.693451002,,0
30,48,2,5,26,0.9844464515,-1.02940516,-0.131170257,0.975211336,1.2332246666,-0.862322367,1.0251158034,-1.04363648,0,0
50,48,2,4,47,0.2119920677,0.7548939722,-0.146780733,-1.890651464,0.7382783049,1.4419059906,-0.899210609,1.2960271,1,1
40,60,2,6,59,0.3811748829,0.6434371718,-0.10445999,-1.138010868,1.1234397259,1.821583817,-1.118137477,2.0067579536,1,1
60,60,1,6,24,0.0795536272,0.9544259911,0.2643665422,-0.656813982,1.2635145792,0.680280238,-0.646647509,-0.262575339,1,0
30,24,2,6,32,-0.28855317,0.6799848022,1.9510678378,1.554412137,0.9579718651,-0.052841209,-0.226352021,-0.138755284,1,
70,74,2,5,33,1.2208302816,0.490850242,0.4946915602,-0.017619154,0.237274342,-1.185108699,0.5259622266,0.1844375423,1,
30,24,1,6,27,0.7213655135,-0.357965315,0.1836212016,-0.249997033,-0.786053456,0.8726547544,0.9447969751,-0.352120642,0,0
30,48,1,6,32,-0.430976529,-0.460836838,-0.351076559,0.964878943,0.4359483023,-0.097842328,1.1872477456,-0.355309417,0,0
60,36,1,6,28,-1.410203995,0.2307208661,1.0626772361,-0.193598688,-0.207534024,0.5623954186,-0.421894456,0.0073066762,,
15,60,2,5,28,-0.591554136,1.2585865039,0.1251103611,0.7256315717,-0.055893116,-0.590708482,0.5618608973,0.3067765913,1,1
60,24,1,6,35,0.1944010797,-0.313178116,-0.328303614,-0.760478543,-0.142702515,0.8593033173,0.4545560515,-0.773692228,0,0
180,72,1,4,36,-1.182391245,-1.173586101,-1.600927499,2.2487329081,1.3777241461,-0.018201819,0.3972091696,-0.660212136,0,0
180,72,1,5,28,-0.698545231,-0.245743124,-0.807934998,-0.076124143,-0.405953648,0.6158832768,0.3251026214,-0.568038723,,0
30,60,2,6,22,-1.045504339,-0.638541893,-1.22262167,-0.63509263,0.1982309807,0.2572011005,1.0421497461,-0.463193689,0,0
10,96,2,6,41,-0.993428443,-0.033606693,1.495590518,1.1773617198,0.168248078,-0.930133336,-0.226998815,-0.560452939,,0
10,36,1,2,46,-0.113813133,0.8091172852,1.0976746276,-0.235029485,-0.195424745,2.9731188086,-0.370459889,-0.79871025,1,0
60,120,2,4,59,-0.493862853,-0.298368722,0.4948994808,0.8872343588,1.0429445007,-0.761570164,0.3386219227,0.197241143,0,
150,72,2,6,41,-0.080759741,-0.54673147,-0.115634748,-0.134302904,0.5549989755,-0.777174467,0.1524473545,1.3399045432,0,1
120,120,2,6,29,-0.959355551,-0.143148176,-1.071531183,2.0106700526,-0.900068488,-1.058091489,0.2976628484,0.8067990438,,1
60,74,2,5,41,0.1406237515,0.4986511724,0.6141036124,0.2109544002,-0.78503083,0.1639502407,-0.272269476,-0.023641539,1,
90,144,2,5,36,-0.104857745,-1.17391462,0.5303401095,0.0198903416,-0.080409734,-0.249853316,1.5601439245,0.9438780694,0,1
75,60,2,6,26,-0.593958876,-0.106617333,-1.108188284,1.0446804253,-0.330750084,-0.257924443,0.4461088374,0.2218953964,,
30,144,2,6,34,1.434699971,0.7891124527,0.9374515675,1.4106025803,0.8616484029,-1.275937047,2.0798158133,1.139923974,1,1
15,4,2,6,31,0.2814444936,3.5319722594,-0.260398387,0.4143154732,0.9356136309,-0.936534718,-0.213337704,-0.753487865,1,0
60,6,2,6,28,0.0065891075,1.7637166202,-1.112841215,-1.033675729,1.0714113356,-0.331724399,-0.387423988,0.6805633574,1,1
60,6,2,6,29,0.8969619659,1.676498472,0.2988021287,0.1396727728,0.5339058771,-1.235360322,0.9497652735,1.5016644513,1,1
30,7,2,6,29,-0.871281437,0.0817799089,-0.013896485,0.6524634168,0.2202840509,0.2320876929,-1.531743547,-0.057591089,,
60,60,1,6,27,0.6422826064,-0.343275661,-0.840902398,1.0803301042,0.1498035348,-1.007491714,-1.327136776,-0.236527894,0,
90,54,2,5,24,-0.117612715,0.0499859869,-0.337683415,-0.123165736,0.6711175485,0.5557454573,0.2805667209,-1.065442718,,0
60,36,2,6,29,0.2210144584,1.4385752396,-0.515334528,0.7895129214,0.1605379371,3.0375844809,0.5160510571,-0.235540992,1,
240,60,2,5,29,-0.300339257,-0.231934861,-0.648100903,-0.218920153,-2.312757584,-0.236023338,-0.506240497,-0.142461356,,
180,120,2,5,38,-1.174658479,0.8881862679,0.2399867008,0.0747414279,-0.360938789,-0.926849013,1.2830545533,1.7309817478,1,1
15,12,1,5,28,0.0054357088,-0.941865206,-0.676641619,0.2102579633,0.9994152777,2.1903256471,0.0460805788,-1.162200623,0,0
120,48,2,4,26,0.7776103922,-1.022392858,0.2005723446,-0.493916115,-0.467764704,-0.17129696,-0.326398972,0.1062759862,0,
